file	tier	topic	fashi	eff_date	chars	tiao	title	src_path	flk_url	id
T1_001_适用中华人民共和国民法典时间.md	T1	时间效力与溯及力	法释〔2020〕15号	2021-01-01	2969	28	最高人民法院关于适用《中华人民共和国民法典》时间效力的若干规定	laws/content/司法解释/ff80808177e757ac017800561d541abb.md	https://flk.npc.gov.cn/detail?id=ff80808177e757ac017800561d541abb	ff80808177e757ac017800561d541abb
T1_002_适用中华人民共和国民法典合同.md	T1	合同编通则	法释〔2023〕13号	2023-12-05	17620	69	最高人民法院关于适用《中华人民共和国民法典》合同编通则若干问题的解释	laws/content/司法解释/ff8081818c24e05b018c814e6de45ab5.md	https://flk.npc.gov.cn/detail?id=ff8081818c24e05b018c814e6de45ab5	ff8081818c24e05b018c814e6de45ab5
T1_003_适用中华人民共和国民法典婚姻.md	T1	婚姻家庭	法释〔2020〕22号	2021-01-01	10379	91	最高人民法院关于适用《中华人民共和国民法典》婚姻家庭编的解释（一）	laws/content/司法解释/ff80808177e75f880178006736f21aaf.md	https://flk.npc.gov.cn/detail?id=ff80808177e75f880178006736f21aaf	ff80808177e75f880178006736f21aaf
T1_004_适用中华人民共和国民法典总则.md	T1	按桶兜底:A_民法典直接配套	法释〔2022〕6号	2022-03-01	6026	39	最高人民法院关于适用《中华人民共和国民法典》总则编若干问题的解释	laws/content/司法解释/ff80818181cdceb30181d2c0af9e2339.md	https://flk.npc.gov.cn/detail?id=ff80818181cdceb30181d2c0af9e2339	ff80818181cdceb30181d2c0af9e2339
T1_005_适用中华人民共和国民法典侵权.md	T1	侵权责任	法释〔2024〕12号	2024-09-27	4445	26	最高人民法院关于适用《中华人民共和国民法典》侵权责任编的解释（一）	laws/content/司法解释/ff808181923a4d0c019240cdec8b09f8.md	https://flk.npc.gov.cn/detail?id=ff808181923a4d0c019240cdec8b09f8	ff808181923a4d0c019240cdec8b09f8
T1_006_适用中华人民共和国民法典婚姻.md	T1	婚姻家庭	法释〔2025〕1号	2025-02-01	4606	23	最高人民法院关于适用《中华人民共和国民法典》婚姻家庭编的解释（二）	laws/content/司法解释/ff808181981cf0ec019831790a392ff0.md	https://flk.npc.gov.cn/detail?id=ff808181981cf0ec019831790a392ff0	ff808181981cf0ec019831790a392ff0
T1_007_适用中华人民共和国民法典物权.md	T1	物权编	法释〔2020〕24号	2021-01-01	2593	21	最高人民法院关于适用《中华人民共和国民法典》物权编的解释（一）	laws/content/司法解释/ff80808177e75f880178006e5ae91ae3.md	https://flk.npc.gov.cn/detail?id=ff80808177e75f880178006e5ae91ae3	ff80808177e75f880178006e5ae91ae3
T1_008_适用中华人民共和国民法典有关.md	T1	担保制度	法释〔2020〕28号	2021-01-01	16183	71	最高人民法院关于适用《中华人民共和国民法典》有关担保制度的解释	laws/content/司法解释/ff80808177e757ac01780077d2291b77.md	https://flk.npc.gov.cn/detail?id=ff80808177e757ac01780077d2291b77	ff80808177e757ac01780077d2291b77
T1_009_适用中华人民共和国民法典继承.md	T1	继承	法释〔2020〕23号	2021-01-01	3865	45	最高人民法院关于适用《中华人民共和国民法典》继承编的解释（一）	laws/content/司法解释/ff80808177e75f880178006a30861ac3.md	https://flk.npc.gov.cn/detail?id=ff80808177e75f880178006a30861ac3	ff80808177e75f880178006a30861ac3
T1_010_审理民事案件适用诉讼时效制度.md	T1	诉讼时效		2021-01-01	3012	21	最高人民法院关于审理民事案件适用诉讼时效制度若干问题的规定	laws/content/司法解释/ff808181799def980179b09931031825.md	https://flk.npc.gov.cn/detail?id=ff808181799def980179b09931031825	ff808181799def980179b09931031825
T1_011_债务人在约定的期限届满后未履.md	T1	按桶兜底:B_诉讼时效与民事责任衔接		2021-01-01	416	0	最高人民法院关于债务人在约定的期限届满后未履行债务而出具没有还款日期的欠款条诉讼时效期间应从何时开始计算问题的批复	laws/content/司法解释/ff808181799df4000179b0a9a81f18c0.md	https://flk.npc.gov.cn/detail?id=ff808181799df4000179b0a9a81f18c0	ff808181799df4000179b0a9a81f18c0
T1_012_适用中华人民共和国公司法时间.md	T1	商事时间效力	法释〔2024〕7号	2024-07-01	2427	8	最高人民法院关于适用《中华人民共和国公司法》时间效力的若干规定	laws/content/司法解释/ff8081819150444501916e8c37764524.md	https://flk.npc.gov.cn/detail?id=ff8081819150444501916e8c37764524	ff8081819150444501916e8c37764524
T1_013_中华人民共和国刑法修正案八时.md	T1	按桶兜底:A_民法典直接配套	法释〔2011〕9号	2011-05-01	1584	8	最高人民法院关于《中华人民共和国刑法修正案(八)》时间效力问题的解释	laws/content/司法解释/402881e45ffb0c10015ffb17f6e40017.md	https://flk.npc.gov.cn/detail?id=402881e45ffb0c10015ffb17f6e40017	402881e45ffb0c10015ffb17f6e40017
T1_014_中华人民共和国刑法修正案九时.md	T1	按桶兜底:A_民法典直接配套	法释〔2015〕19号	2015-11-01	1401	9	最高人民法院关于《中华人民共和国刑法修正案（九）》时间效力问题的解释	laws/content/司法解释/402881e45ffb5c4c015ffb75b374026a.md	https://flk.npc.gov.cn/detail?id=402881e45ffb5c4c015ffb75b374026a	402881e45ffb5c4c015ffb75b374026a
T1_015_超过诉讼时效期间借款人在催款.md	T1	按桶兜底:B_诉讼时效与民事责任衔接	法释〔1999〕7号	1999-02-16	334	0	最高人民法院关于超过诉讼时效期间借款人在催款通知单上签字或者盖章的法律效力问题的批复	laws/content/司法解释/402881e46000e279016001415adb0108.md	https://flk.npc.gov.cn/detail?id=402881e46000e279016001415adb0108	402881e46000e279016001415adb0108
T1_016_适用刑法时间效力规定若干问题.md	T1	按桶兜底:A_民法典直接配套	法释〔1997〕5号	1997-10-01	1263	10	最高人民法院关于适用刑法时间效力规定若干问题的解释	laws/content/司法解释/402881e45ffff9500160003cfecc027c.md	https://flk.npc.gov.cn/detail?id=402881e45ffff9500160003cfecc027c	402881e45ffff9500160003cfecc027c
T2_001_审理技术合同纠纷案件适用法律.md	T2	合同·技术		2021-01-01	9197	47	最高人民法院关于审理技术合同纠纷案件适用法律若干问题的解释	laws/content/司法解释/ff808181799df6140179ad1612e52172.md	https://flk.npc.gov.cn/detail?id=ff808181799df6140179ad1612e52172	ff808181799df6140179ad1612e52172
T2_002_审理买卖合同纠纷案件适用法律.md	T2	合同·买卖		2021-01-01	5173	33	最高人民法院关于审理买卖合同纠纷案件适用法律问题的解释	laws/content/司法解释/ff808181799def980179b09685cf1802.md	https://flk.npc.gov.cn/detail?id=ff808181799def980179b09685cf1802	ff808181799def980179b09685cf1802
T2_003_审理医疗损害责任纠纷案件适用.md	T2	侵权·医疗		2021-01-01	4546	26	最高人民法院关于审理医疗损害责任纠纷案件适用法律若干问题的解释	laws/content/司法解释/ff808181799df4000179b0a6f0ae1888.md	https://flk.npc.gov.cn/detail?id=ff808181799df4000179b0a6f0ae1888	ff808181799df4000179b0a6f0ae1888
T2_004_审理使用人脸识别技术处理个人.md	T2	人格权·个人信息	法释〔2021〕15号	2021-08-01	3001	16	最高人民法院关于审理使用人脸识别技术处理个人信息相关民事案件适用法律若干问题的规定	laws/content/司法解释/ff8081817b96971c017b9bbbb82913ea.md	https://flk.npc.gov.cn/detail?id=ff8081817b96971c017b9bbbb82913ea	ff8081817b96971c017b9bbbb82913ea
T2_005_审理利用信息网络侵害人身权益.md	T2	网络侵权		2021-01-01	2553	13	最高人民法院关于审理利用信息网络侵害人身权益民事纠纷案件适用法律若干问题的规定	laws/content/司法解释/ff808181799df6140179b094a0622b0f.md	https://flk.npc.gov.cn/detail?id=ff808181799df6140179b094a0622b0f	ff808181799df6140179b094a0622b0f
T2_006_审理建设工程施工合同纠纷案件.md	T2	合同·建工	法释〔2020〕25号	2021-01-01	5707	45	最高人民法院关于审理建设工程施工合同纠纷案件适用法律问题的解释（一）	laws/content/司法解释/ff80808177e757ac0178006f0efe1b55.md	https://flk.npc.gov.cn/detail?id=ff80808177e757ac0178006f0efe1b55	ff80808177e757ac0178006f0efe1b55
T2_007_审理道路交通事故损害赔偿案件.md	T2	侵权·交通事故		2021-01-01	3994	26	最高人民法院关于审理道路交通事故损害赔偿案件适用法律若干问题的解释	laws/content/司法解释/ff808181799def980179b09032ff17a9.md	https://flk.npc.gov.cn/detail?id=ff808181799def980179b09032ff17a9	ff808181799def980179b09032ff17a9
T2_008_适用中华人民共和国企业破产法.md	T2	商事·破产		2021-01-01	8636	48	最高人民法院关于适用《中华人民共和国企业破产法》若干问题的规定（二）	laws/content/司法解释/ff808181799df4000179ac1fec26115e.md	https://flk.npc.gov.cn/detail?id=ff808181799df4000179ac1fec26115e	ff808181799df4000179ac1fec26115e
T2_009_审理城镇房屋租赁合同纠纷案件.md	T2	合同·租赁		2021-01-01	2285	16	最高人民法院关于审理城镇房屋租赁合同纠纷案件具体应用法律若干问题的解释	laws/content/司法解释/ff808181799df4000179b08eafc8176e.md	https://flk.npc.gov.cn/detail?id=ff808181799df4000179b08eafc8176e	ff808181799df4000179b08eafc8176e
T2_010_审理期货纠纷案件若干问题的规.md	T2	商事·期货		2021-01-01	7113	63	最高人民法院关于审理期货纠纷案件若干问题的规定	laws/content/司法解释/ff808181799df6140179abed9ceb1977.md	https://flk.npc.gov.cn/detail?id=ff808181799df6140179abed9ceb1977	ff808181799df6140179abed9ceb1977
T2_011_审理民间借贷案件适用法律若干.md	T2	合同·借贷		2021-01-01	5491	31	最高人民法院关于审理民间借贷案件适用法律若干问题的规定	laws/content/司法解释/ff808181799df4000179b0988b7717e5.md	https://flk.npc.gov.cn/detail?id=ff808181799df4000179b0988b7717e5	ff808181799df4000179b0988b7717e5
T2_012_审理融资租赁合同纠纷案件适用.md	T2	合同·融资租赁		2021-01-01	2319	10	最高人民法院关于审理融资租赁合同纠纷案件适用法律问题的解释	laws/content/司法解释/ff808181799df6140179b09b45d92b5e.md	https://flk.npc.gov.cn/detail?id=ff808181799df6140179b09b45d92b5e	ff808181799df6140179b09b45d92b5e
T2_013_审理预付式消费民事纠纷案件适.md	T2	消费	法释〔2025〕4号	2025-05-01	5012	27	最高人民法院关于审理预付式消费民事纠纷案件适用法律若干问题的解释	laws/content/司法解释/ff808181927f0e7b0195d1a1c52d0287.md	https://flk.npc.gov.cn/detail?id=ff808181927f0e7b0195d1a1c52d0287	ff808181927f0e7b0195d1a1c52d0287
T2_014_审理道路交通事故损害赔偿案件.md	T2	侵权·交通事故	法释〔2026〕9号	2026-06-30	2364	12	最高人民法院关于审理道路交通事故损害赔偿案件适用法律若干问题的解释（二）	laws/content/司法解释/ff8081819e48b493019e5e72927050fb.md	https://flk.npc.gov.cn/detail?id=ff8081819e48b493019e5e72927050fb	ff8081819e48b493019e5e72927050fb
T2_015_适用中华人民共和国公司法若干.md	T2	商事·公司法		2021-01-01	5320	28	最高人民法院关于适用《中华人民共和国公司法》若干问题的规定（三）	laws/content/司法解释/ff808181799def980179ac07a9ca117c.md	https://flk.npc.gov.cn/detail?id=ff808181799def980179ac07a9ca117c	ff808181799def980179ac07a9ca117c
T2_016_审理与企业改制相关的民事纠纷.md	T2	商事·企业		2021-01-01	3684	35	最高人民法院关于审理与企业改制相关的民事纠纷案件若干问题的规定	laws/content/司法解释/ff808181799df4000179ac01d01610f3.md	https://flk.npc.gov.cn/detail?id=ff808181799df4000179ac01d01610f3	ff808181799df4000179ac01d01610f3
T2_017_审理商品房买卖合同纠纷案件适.md	T2	合同·买卖		2021-01-01	3533	24	最高人民法院关于审理商品房买卖合同纠纷案件适用法律若干问题的解释	laws/content/司法解释/ff808181799def980179b09c45801846.md	https://flk.npc.gov.cn/detail?id=ff808181799def980179b09c45801846	ff808181799def980179b09c45801846
T2_018_审理旅游纠纷案件适用法律若干.md	T2	合同·旅游		2021-01-01	3313	23	最高人民法院关于审理旅游纠纷案件适用法律若干问题的规定	laws/content/司法解释/ff808181799df4000179b095de1617d5.md	https://flk.npc.gov.cn/detail?id=ff808181799df4000179b095de1617d5	ff808181799df4000179b095de1617d5
T2_019_审理独立保函纠纷案件若干问题.md	T2	合同·保函		2021-01-01	4059	26	最高人民法院关于审理独立保函纠纷案件若干问题的规定	laws/content/司法解释/ff808181799df4000179abddf50b100d.md	https://flk.npc.gov.cn/detail?id=ff808181799df4000179abddf50b100d	ff808181799df4000179abddf50b100d
T2_020_审理票据纠纷案件若干问题的规.md	T2	商事·票据		2021-01-01	8293	75	最高人民法院关于审理票据纠纷案件若干问题的规定	laws/content/司法解释/ff808181799df4000179abe7d93f1081.md	https://flk.npc.gov.cn/detail?id=ff808181799df4000179abe7d93f1081	ff808181799df4000179abe7d93f1081
T2_021_审理网络消费纠纷案件适用法律.md	T2	网络消费	法释〔2022〕8号	2022-03-15	2699	20	最高人民法院关于审理网络消费纠纷案件适用法律若干问题的规定（一）	laws/content/司法解释/ff80818181cdd7a70181d65a7e48303f.md	https://flk.npc.gov.cn/detail?id=ff80818181cdd7a70181d65a7e48303f	ff80818181cdd7a70181d65a7e48303f
T2_022_审理证券市场虚假陈述侵权民事.md	T2	按桶兜底:F_商事主体与金融	法释〔2022〕2号	2022-01-22	7551	35	最高人民法院关于审理证券市场虚假陈述侵权民事赔偿案件的若干规定	laws/content/司法解释/ff80818181cdd7a70181d2930fd1225a.md	https://flk.npc.gov.cn/detail?id=ff80818181cdd7a70181d2930fd1225a	ff80818181cdd7a70181d2930fd1225a
T2_023_审理食品药品纠纷案件适用法律.md	T2	消费·食品药品		2021-12-01	2757	19	最高人民法院关于审理食品药品纠纷案件适用法律若干问题的规定	laws/content/司法解释/ff8081817e8f99c0017e9af07ac66ce5.md	https://flk.npc.gov.cn/detail?id=ff8081817e8f99c0017e9af07ac66ce5	ff8081817e8f99c0017e9af07ac66ce5
T2_024_适用中华人民共和国保险法若干.md	T2	按桶兜底:F_商事主体与金融		2021-01-01	3716	26	最高人民法院关于适用《中华人民共和国保险法》若干问题的解释（三）	laws/content/司法解释/ff808181799df4000179ac03d7f21115.md	https://flk.npc.gov.cn/detail?id=ff808181799df4000179ac03d7f21115	ff808181799df4000179ac03d7f21115
T2_025_适用中华人民共和国公司法若干.md	T2	商事·公司法		2021-01-01	4490	24	最高人民法院关于适用《中华人民共和国公司法》若干问题的规定（二）	laws/content/司法解释/ff808181799df6140179ac069a281a27.md	https://flk.npc.gov.cn/detail?id=ff808181799df6140179ac069a281a27	ff808181799df6140179ac069a281a27
T2_026_适用中华人民共和国公司法若干.md	T2	商事·公司法		2021-01-01	1257	6	最高人民法院关于适用《中华人民共和国公司法》若干问题的规定（五）	laws/content/司法解释/ff808181799df4000179ac1ef1b1115c.md	https://flk.npc.gov.cn/detail?id=ff808181799df4000179ac1ef1b1115c	ff808181799df4000179ac1ef1b1115c
T2_027_适用中华人民共和国公司法若干.md	T2	商事·公司法		2021-01-01	4086	27	最高人民法院关于适用《中华人民共和国公司法》若干问题的规定（四）	laws/content/司法解释/ff808181799df4000179ac08cb701145.md	https://flk.npc.gov.cn/detail?id=ff808181799df4000179ac08cb701145	ff808181799df4000179ac08cb701145
T2_028_办理人身安全保护令案件适用法.md	T2	婚姻家庭·人身安全保护令	法释〔2022〕17号	2022-08-01	1906	13	最高人民法院关于办理人身安全保护令案件适用法律若干问题的规定	laws/content/司法解释/ff8081818364d90301837cd35c6538e5.md	https://flk.npc.gov.cn/detail?id=ff8081818364d90301837cd35c6538e5	ff8081818364d90301837cd35c6538e5
T2_029_审理人身损害赔偿案件适用法律.md	T2	损害赔偿		2022-05-01	3605	24	最高人民法院关于审理人身损害赔偿案件适用法律若干问题的解释	laws/content/司法解释/ff80818181d823c50181ffd1b39b5e54.md	https://flk.npc.gov.cn/detail?id=ff80818181d823c50181ffd1b39b5e54	ff80818181d823c50181ffd1b39b5e54
T2_030_审理劳动争议案件适用法律问题.md	T2	劳动争议	法释〔2020〕26号	2021-01-01	8343	54	最高人民法院关于审理劳动争议案件适用法律问题的解释（一）	laws/content/司法解释/ff80808177e75f88017800739d621b12.md	https://flk.npc.gov.cn/detail?id=ff80808177e75f88017800739d621b12	ff80808177e75f88017800739d621b12
T2_031_审理劳动争议案件适用法律问题.md	T2	劳动争议	法释〔2025〕12号	2025-09-01	3609	21	最高人民法院关于审理劳动争议案件适用法律问题的解释（二）	laws/content/司法解释/ff80818198a7eafa0199329bcc11687f.md	https://flk.npc.gov.cn/detail?id=ff80818198a7eafa0199329bcc11687f	ff80818198a7eafa0199329bcc11687f
T2_032_审理海上保险纠纷案件若干问题.md	T2	商事·保险		2021-01-01	1675	17	最高人民法院关于审理海上保险纠纷案件若干问题的规定	laws/content/司法解释/ff808181799df6140179abe178691908.md	https://flk.npc.gov.cn/detail?id=ff808181799df6140179abe178691908	ff808181799df6140179abe178691908
T2_033_审理涉彩礼纠纷案件适用法律若.md	T2	婚姻家庭·彩礼	法释〔2024〕1号	2024-02-01	997	7	最高人民法院关于审理涉彩礼纠纷案件适用法律若干问题的规定	laws/content/司法解释/ff8081818e750bc6018e88e936a263ea.md	https://flk.npc.gov.cn/detail?id=ff8081818e750bc6018e88e936a263ea	ff8081818e750bc6018e88e936a263ea
T2_034_审理物业服务纠纷案件适用法律.md	T2	合同·物业		2021-01-01	701	5	最高人民法院关于审理物业服务纠纷案件适用法律若干问题的解释	laws/content/司法解释/ff808181799def980179b0a439a318c3.md	https://flk.npc.gov.cn/detail?id=ff808181799def980179b0a439a318c3	ff808181799def980179b0a439a318c3
T2_035_审理食品药品惩罚性赔偿纠纷案.md	T2	惩罚性赔偿	法释〔2024〕9号	2024-08-22	4045	19	最高人民法院关于审理食品药品惩罚性赔偿纠纷案件适用法律若干问题的解释	laws/content/司法解释/ff80818192289516019240c1c890324a.md	https://flk.npc.gov.cn/detail?id=ff80818192289516019240c1c890324a	ff80818192289516019240c1c890324a
T2_036_确定民事侵权精神损害赔偿责任.md	T2	损害赔偿		2021-01-01	770	6	最高人民法院关于确定民事侵权精神损害赔偿责任若干问题的解释	laws/content/司法解释/ff808181799df6140179abacd81117d3.md	https://flk.npc.gov.cn/detail?id=ff808181799df6140179abacd81117d3	ff808181799df6140179abacd81117d3
T2_037_适用中华人民共和国企业破产法.md	T2	商事·破产		2021-01-01	3283	16	最高人民法院关于适用《中华人民共和国企业破产法》若干问题的规定（三）	laws/content/司法解释/ff808181799df6140179ac2131981a99.md	https://flk.npc.gov.cn/detail?id=ff808181799df6140179ac2131981a99	ff808181799df6140179ac2131981a99
T2_038_适用中华人民共和国保险法若干.md	T2	按桶兜底:F_商事主体与金融		2021-01-01	2949	21	最高人民法院关于适用《中华人民共和国保险法》若干问题的解释（二）	laws/content/司法解释/ff808181799def980179ac02b05c115a.md	https://flk.npc.gov.cn/detail?id=ff808181799def980179ac02b05c115a	ff808181799def980179ac02b05c115a
T2_039_适用中华人民共和国保险法若干.md	T2	按桶兜底:F_商事主体与金融		2021-01-01	3121	21	最高人民法院关于适用《中华人民共和国保险法》若干问题的解释（四）	laws/content/司法解释/ff808181799def980179ac050b09116a.md	https://flk.npc.gov.cn/detail?id=ff808181799def980179ac050b09116a	ff808181799def980179ac050b09116a
T2_040_中华人民共和国企业破产法施行.md	T2	商事·破产	法释〔2007〕10号	2007-06-01	2139	16	最高人民法院关于《中华人民共和国企业破产法》施行时尚未审结的企业破产案件适用法律若干问题的规定	laws/content/司法解释/402881e46000e2790160014bbd21019c.md	https://flk.npc.gov.cn/detail?id=402881e46000e2790160014bbd21019c	402881e46000e2790160014bbd21019c
T2_041_中华人民共和国公司法第八十八.md	T2	商事·公司法	法释〔2024〕15号	2024-12-24	336	0	最高人民法院关于《中华人民共和国公司法》第八十八条第一款不溯及适用的批复	laws/content/司法解释/ff808181927f1276019448a29dca7d34.md	https://flk.npc.gov.cn/detail?id=ff808181927f1276019448a29dca7d34	ff808181927f1276019448a29dca7d34
T2_042_上海金融法院案件管辖的规定.md	T2	按桶兜底:F_商事主体与金融		2021-04-22	1621	12	最高人民法院关于上海金融法院案件管辖的规定	laws/content/司法解释/ff8081817b96962b017b9bad853d0c51.md	https://flk.npc.gov.cn/detail?id=ff8081817b96962b017b9bad853d0c51	ff8081817b96962b017b9bad853d0c51
T2_043_个人独资企业清算是否可以参照.md	T2	商事·破产	法释〔2012〕16号	2012-12-18	543	0	最高人民法院关于个人独资企业清算是否可以参照适用企业破产法规定的破产清算程序的批复	laws/content/司法解释/402881e45ffff950016000b3a8e20b0e.md	https://flk.npc.gov.cn/detail?id=402881e45ffff950016000b3a8e20b0e	402881e45ffff950016000b3a8e20b0e
T2_044_中国公民申请承认外国法院离婚.md	T2	按桶兜底:E_婚姻家庭继承		2021-01-01	2064	22	最高人民法院关于中国公民申请承认外国法院离婚判决程序问题的规定	laws/content/司法解释/ff808181799df6140179b1b2d5932f91.md	https://flk.npc.gov.cn/detail?id=ff808181799df6140179b1b2d5932f91	ff808181799df6140179b1b2d5932f91
T2_045_人民法院受理申请承认外国法院.md	T2	按桶兜底:E_婚姻家庭继承		2021-01-01	649	0	最高人民法院关于人民法院受理申请承认外国法院离婚判决案件有关问题的规定	laws/content/司法解释/ff808181799def980179b101e79619c9.md	https://flk.npc.gov.cn/detail?id=ff808181799def980179b101e79619c9	ff808181799def980179b101e79619c9
T2_046_人民法院审理事业单位人事争议.md	T2	按桶兜底:H_劳动与人事	法释〔2003〕13号	2003-09-05	441	3	最高人民法院关于人民法院审理事业单位人事争议案件若干问题的规定	laws/content/司法解释/402881e45ffff95001600072f47d0686.md	https://flk.npc.gov.cn/detail?id=402881e45ffff95001600072f47d0686	402881e45ffff95001600072f47d0686
T2_047_人民法院对经劳动争议仲裁裁决.md	T2	劳动争议	法释〔2000〕18号	2000-07-19	411	3	最高人民法院关于人民法院对经劳动争议仲裁裁决的纠纷准予撤诉或驳回起诉后劳动争议仲裁裁决从何时起生效的解释	laws/content/司法解释/402881e45ffff9500160007c95e0078b.md	https://flk.npc.gov.cn/detail?id=402881e45ffff9500160007c95e0078b	402881e45ffff9500160007c95e0078b
T2_048_人身安全保护令案件相关程序问.md	T2	婚姻家庭·人身安全保护令	法释〔2016〕15号	2016-07-13	700	0	最高人民法院关于人身安全保护令案件相关程序问题的批复	laws/content/司法解释/402881e45ffbbe41015ffbcdf9e2006d.md	https://flk.npc.gov.cn/detail?id=402881e45ffbbe41015ffbcdf9e2006d	402881e45ffbbe41015ffbcdf9e2006d
T2_049_债权人对人员下落不明或者财产.md	T2	按桶兜底:F_商事主体与金融	法释〔2008〕10号	2008-08-18	728	0	最高人民法院关于债权人对人员下落不明或者财产状况不清的债务人申请破产清算案件如何处理的批复	laws/content/司法解释/402881e45ffb0c10015ffb445761022e.md	https://flk.npc.gov.cn/detail?id=402881e45ffb0c10015ffb445761022e	402881e45ffb0c10015ffb445761022e
T2_050_冻结拍卖上市公司国有股和社会.md	T2	商事·公司	法释〔2001〕28号	2001-09-30	2487	17	最高人民法院关于冻结、拍卖上市公司国有股和社会法人股若干问题的规定	laws/content/司法解释/402881e45ffff9500160009fe56c09e3.md	https://flk.npc.gov.cn/detail?id=402881e45ffff9500160009fe56c09e3	402881e45ffff9500160009fe56c09e3
T2_051_北京金融法院案件管辖的规定.md	T2	按桶兜底:F_商事主体与金融	法释〔2021〕7号	2021-03-16	1784	13	最高人民法院关于北京金融法院案件管辖的规定	laws/content/司法解释/ff8081817b96971c017b9ba5934011b6.md	https://flk.npc.gov.cn/detail?id=ff8081817b96971c017b9ba5934011b6	ff8081817b96971c017b9ba5934011b6
T2_052_商品房消费者权利保护问题的批.md	T2	合同·商品房	法释〔2023〕1号	2023-04-20	495	0	最高人民法院关于商品房消费者权利保护问题的批复	laws/content/司法解释/ff80818187c296200188276f69e868fa.md	https://flk.npc.gov.cn/detail?id=ff80818187c296200188276f69e868fa	ff80818187c296200188276f69e868fa
T2_053_基本医疗保险基金先行支付申请.md	T2	按桶兜底:F_商事主体与金融	法释〔2026〕1号	2026-02-01	589	0	最高人民法院关于基本医疗保险基金先行支付申请条件法律适用问题的批复	laws/content/司法解释/ff8081819c0d2f98019c227f9ccc76ae.md	https://flk.npc.gov.cn/detail?id=ff8081819c0d2f98019c227f9ccc76ae	ff8081819c0d2f98019c227f9ccc76ae
T2_054_实行社会保险的企业破产后各种.md	T2	按桶兜底:F_商事主体与金融		1996-11-22	202	0	最高人民法院关于实行社会保险的企业破产后各种社会保险统筹费用应缴纳至何时问题的批复	laws/content/司法解释/402881e45ffbbe41015ffc12ce2404b5.md	https://flk.npc.gov.cn/detail?id=402881e45ffbbe41015ffc12ce2404b5	402881e45ffbbe41015ffc12ce2404b5
T2_055_审理企业破产案件指定管理人的.md	T2	按桶兜底:F_商事主体与金融	法释〔2007〕8号	2007-06-01	6229	40	最高人民法院关于审理企业破产案件指定管理人的规定	laws/content/司法解释/402881e45ffbbe41015ffc787db10da4.md	https://flk.npc.gov.cn/detail?id=402881e45ffbbe41015ffc787db10da4	402881e45ffbbe41015ffc787db10da4
T2_056_审理企业破产案件确定管理人报.md	T2	按桶兜底:F_商事主体与金融	法释〔2007〕9号	2007-06-01	2570	18	最高人民法院关于审理企业破产案件确定管理人报酬的规定	laws/content/司法解释/402881e45ffbbe41015ffc7d3f420df7.md	https://flk.npc.gov.cn/detail?id=402881e45ffbbe41015ffc7d3f420df7	402881e45ffbbe41015ffc7d3f420df7
T2_057_审理企业破产案件若干问题的规.md	T2	按桶兜底:F_商事主体与金融	法释〔2002〕23号	2002-09-01	13863	106	最高人民法院关于审理企业破产案件若干问题的规定	laws/content/司法解释/402881e45ffbbe41015ffc7aabc80dcb.md	https://flk.npc.gov.cn/detail?id=402881e45ffbbe41015ffc7aabc80dcb	402881e45ffbbe41015ffc7aabc80dcb
T2_058_审理出口信用保险合同纠纷案件.md	T2	按桶兜底:F_商事主体与金融	法释〔2013〕13号	2013-05-08	415	0	最高人民法院关于审理出口信用保险合同纠纷案件适用相关法律问题的批复	laws/content/司法解释/402881e45ffff95001600032a45601bd.md	https://flk.npc.gov.cn/detail?id=402881e45ffff95001600032a45601bd	402881e45ffff95001600032a45601bd
T2_059_审理劳动争议案件诉讼当事人问.md	T2	劳动争议		1988-10-19	600	0	最高人民法院关于审理劳动争议案件诉讼当事人问题的批复	laws/content/司法解释/402881e46000e279016001a56615086f.md	https://flk.npc.gov.cn/detail?id=402881e46000e279016001a56615086f	402881e46000e279016001a56615086f
T2_060_审理工伤保险行政案件若干问题.md	T2	按桶兜底:F_商事主体与金融	法释〔2014〕9号	2014-09-01	2424	9	最高人民法院关于审理工伤保险行政案件若干问题的规定	laws/content/司法解释/402881e45ffb0c10015ffb372f4c014f.md	https://flk.npc.gov.cn/detail?id=402881e45ffb0c10015ffb372f4c014f	402881e45ffb0c10015ffb372f4c014f
T2_061_审理期货纠纷案件若干问题的规.md	T2	商事·期货		2021-01-01	1593	10	最高人民法院关于审理期货纠纷案件若干问题的规定（二）	laws/content/司法解释/ff808181799df4000179abe90d9f1091.md	https://flk.npc.gov.cn/detail?id=ff808181799df4000179abe90d9f1091	ff808181799df4000179abe90d9f1091
T2_062_审理涉外民商事案件适用国际条.md	T2	涉外民事	法释〔2023〕15号	2024-01-01	1083	9	最高人民法院关于审理涉外民商事案件适用国际条约和国际惯例若干问题的解释	laws/content/司法解释/ff8081818d170bdb018d1b9c1213139f.md	https://flk.npc.gov.cn/detail?id=ff8081818d170bdb018d1b9c1213139f	ff8081818d170bdb018d1b9c1213139f
T2_063_对与证券交易所监管职能相关的.md	T2	按桶兜底:F_商事主体与金融		2021-01-01	789	0	最高人民法院关于对与证券交易所监管职能相关的诉讼案件管辖与受理问题的规定	laws/content/司法解释/ff808181799df6140179b0ea85ae2cb2.md	https://flk.npc.gov.cn/detail?id=ff808181799df6140179b0ea85ae2cb2	ff808181799df6140179b0ea85ae2cb2
T2_064_当事人申请承认澳大利亚法院出.md	T2	按桶兜底:E_婚姻家庭继承		2021-01-01	471	0	最高人民法院关于当事人申请承认澳大利亚法院出具的离婚证明书人民法院应否受理问题的批复	laws/content/司法解释/ff808181799df6140179b0e257122c76.md	https://flk.npc.gov.cn/detail?id=ff808181799df6140179b0e257122c76	ff808181799df6140179b0e257122c76
T2_065_成渝金融法院案件管辖的规定.md	T2	按桶兜底:F_商事主体与金融	法释〔2022〕20号	2023-01-01	1721	11	最高人民法院关于成渝金融法院案件管辖的规定	laws/content/司法解释/ff808181862ee02d01863a623c403c58.md	https://flk.npc.gov.cn/detail?id=ff808181862ee02d01863a623c403c58	ff808181862ee02d01863a623c403c58
T2_066_新民间借贷司法解释适用范围问.md	T2	合同·借贷	法释〔2020〕27号	2021-01-01	363	0	最高人民法院关于新民间借贷司法解释适用范围问题的批复	laws/content/司法解释/ff80808177e757ac0178007509c71b64.md	https://flk.npc.gov.cn/detail?id=ff80808177e757ac0178007509c71b64	ff80808177e757ac0178007509c71b64
T2_067_涉外民商事案件管辖若干问题的.md	T2	涉外民事	法释〔2022〕18号	2023-01-01	1081	9	最高人民法院关于涉外民商事案件管辖若干问题的规定	laws/content/司法解释/ff808181862ee02d01863a5b52143c38.md	https://flk.npc.gov.cn/detail?id=ff808181862ee02d01863a5b52143c38	ff808181862ee02d01863a5b52143c38
T2_068_涉外民商事案件诉讼管辖若干问.md	T2	涉外民事		2021-01-01	949	7	最高人民法院关于涉外民商事案件诉讼管辖若干问题的规定	laws/content/司法解释/ff808181799df4000179b103965d1989.md	https://flk.npc.gov.cn/detail?id=ff808181799df4000179b103965d1989	ff808181799df4000179b103965d1989
T2_069_证券纠纷代表人诉讼若干问题的.md	T2	按桶兜底:F_商事主体与金融	法释〔2020〕5号	2020-07-31	6417	42	最高人民法院关于证券纠纷代表人诉讼若干问题的规定	laws/content/司法解释/ff808081777d07c50177cce25a2d5386.md	https://flk.npc.gov.cn/detail?id=ff808081777d07c50177cce25a2d5386	ff808081777d07c50177cce25a2d5386
T2_070_适用中华人民共和国企业破产法.md	T2	商事·破产	法释〔2011〕22号	2011-09-26	1650	9	最高人民法院关于适用《中华人民共和国企业破产法》若干问题的规定（一）	laws/content/司法解释/402881e45ffbbe41015ffbf0370a025c.md	https://flk.npc.gov.cn/detail?id=402881e45ffbbe41015ffbf0370a025c	402881e45ffbbe41015ffbf0370a025c
T2_071_适用中华人民共和国保险法若干.md	T2	按桶兜底:F_商事主体与金融	法释〔2009〕12号	2009-10-01	1096	6	最高人民法院关于适用《中华人民共和国保险法》若干问题的解释（一）	laws/content/司法解释/402881e45ffbbe41015ffc0d6e2e0453.md	https://flk.npc.gov.cn/detail?id=402881e45ffbbe41015ffc0d6e2e0453	402881e45ffbbe41015ffc0d6e2e0453
T2_072_适用中华人民共和国公司法若干.md	T2	商事·公司法		2014-03-01	621	6	最高人民法院关于适用《中华人民共和国公司法》若干问题的规定（一）	laws/content/司法解释/ff8081818a1cb709018acf819b8f452f.md	https://flk.npc.gov.cn/detail?id=ff8081818a1cb709018acf819b8f452f	ff8081818a1cb709018acf819b8f452f
T2_073_适用中华人民共和国涉外民事关.md	T2	涉外民事	法释〔2023〕12号	2024-01-01	1926	13	最高人民法院关于适用《中华人民共和国涉外民事关系法律适用法》若干问题的解释（二）	laws/content/司法解释/ff8081818c24e05b018c814a8bcb5a91.md	https://flk.npc.gov.cn/detail?id=ff8081818c24e05b018c814a8bcb5a91	ff8081818c24e05b018c814a8bcb5a91
T3_001_适用中华人民共和国民事诉讼法.md	T3	民诉法解释		2022-04-10	67228	550	最高人民法院关于适用《中华人民共和国民事诉讼法》的解释	laws/content/司法解释/ff80818181cdceb30181d801c31c4070.md	https://flk.npc.gov.cn/detail?id=ff80818181cdceb30181d801c31c4070	ff80818181cdceb30181d801c31c4070
T3_002_审理执行异议之诉案件适用法律.md	T3	执行·异议之诉	法释〔2025〕10号	2025-07-24	5205	23	最高人民法院关于审理执行异议之诉案件适用法律问题的解释	laws/content/司法解释/ff80818198a7ecd40198ac61fee71f10.md	https://flk.npc.gov.cn/detail?id=ff80818198a7ecd40198ac61fee71f10	ff80818198a7ecd40198ac61fee71f10
T3_003_执行和解若干问题的规定.md	T3	执行·和解		2021-01-01	2196	20	最高人民法院关于执行和解若干问题的规定	laws/content/司法解释/ff80818179f5d2480179fa51516904a9.md	https://flk.npc.gov.cn/detail?id=ff80818179f5d2480179fa51516904a9	ff80818179f5d2480179fa51516904a9
T3_004_生态环境侵权民事诉讼证据的若.md	T3	证据	法释〔2023〕6号	2023-09-01	4612	34	最高人民法院关于生态环境侵权民事诉讼证据的若干规定	laws/content/司法解释/ff8081818a22132f018acf11fbae21f3.md	https://flk.npc.gov.cn/detail?id=ff8081818a22132f018acf11fbae21f3	ff8081818a22132f018acf11fbae21f3
T3_005_人民法院办理财产保全案件若干.md	T3	保全		2021-01-01	4822	29	最高人民法院关于人民法院办理财产保全案件若干问题的规定	laws/content/司法解释/ff80818179f5d3e70179fa38437303ef.md	https://flk.npc.gov.cn/detail?id=ff80818179f5d3e70179fa38437303ef	ff80818179f5d3e70179fa38437303ef
T3_006_人民法院民事调解工作若干问题.md	T3	多元解纷		2021-01-01	2124	20	最高人民法院关于人民法院民事调解工作若干问题的规定	laws/content/司法解释/ff808181799df4000179b0ffcd7a1965.md	https://flk.npc.gov.cn/detail?id=ff808181799df4000179b0ffcd7a1965	ff808181799df4000179b0ffcd7a1965
T3_007_审理消费民事公益诉讼案件适用.md	T3	公益诉讼		2021-01-01	2546	19	最高人民法院关于审理消费民事公益诉讼案件适用法律若干问题的解释	laws/content/司法解释/ff808181799df6140179b1a8446c2f23.md	https://flk.npc.gov.cn/detail?id=ff808181799df6140179b1a8446c2f23	ff808181799df6140179b1a8446c2f23
T3_008_审理环境民事公益诉讼案件适用.md	T3	公益诉讼		2021-01-01	4598	35	最高人民法院关于审理环境民事公益诉讼案件适用法律若干问题的解释	laws/content/司法解释/ff808181799df6140179b19c2f172ed4.md	https://flk.npc.gov.cn/detail?id=ff808181799df6140179b19c2f172ed4	ff808181799df6140179b19c2f172ed4
T3_009_执行担保若干问题的规定.md	T3	执行·担保		2021-01-01	1546	15	最高人民法院关于执行担保若干问题的规定	laws/content/司法解释/ff80818179f5d52f0179fa4f8c9c072d.md	https://flk.npc.gov.cn/detail?id=ff80818179f5d52f0179fa4f8c9c072d	ff80818179f5d52f0179fa4f8c9c072d
T3_010_人民法院在线诉讼规则.md	T3	数字审判	法释〔2021〕12号	2021-08-01	8052	39	人民法院在线诉讼规则	laws/content/司法解释/ff8081817b969375017b9bb46a9a0d4a.md	https://flk.npc.gov.cn/detail?id=ff8081817b969375017b9bb46a9a0d4a	ff8081817b969375017b9bb46a9a0d4a
T3_011_人民法院在线调解规则.md	T3	数字审判	法释〔2021〕23号	2022-01-01	5343	30	人民法院在线调解规则	laws/content/司法解释/ff8081817e9b1ec8017e9b72bfa0009a.md	https://flk.npc.gov.cn/detail?id=ff8081817e9b1ec8017e9b72bfa0009a	ff8081817e9b1ec8017e9b72bfa0009a
T3_012_互联网法院审理案件若干问题的.md	T3	数字审判	法释〔2018〕16号	2018-09-07	4495	23	最高人民法院关于互联网法院审理案件若干问题的规定	laws/content/司法解释/2c90e5ba65c68cf70167f2e544ff5012.md	https://flk.npc.gov.cn/detail?id=2c90e5ba65c68cf70167f2e544ff5012	2c90e5ba65c68cf70167f2e544ff5012
T3_013_互联网法院案件管辖的规定.md	T3	数字审判	法释〔2025〕14号	2025-11-01	988	4	最高人民法院关于互联网法院案件管辖的规定	laws/content/司法解释/ff8081819998eb470199e6b3a1dd203b.md	https://flk.npc.gov.cn/detail?id=ff8081819998eb470199e6b3a1dd203b	ff8081819998eb470199e6b3a1dd203b
T3_014_人事争议申请仲裁的时效期间如.md	T3	按桶兜底:G_程序与证据执行衔接	法释〔2013〕23号	2013-09-22	400	0	最高人民法院关于人事争议申请仲裁的时效期间如何计算的批复	laws/content/司法解释/402881e45ffff95001600055c01c0494.md	https://flk.npc.gov.cn/detail?id=402881e45ffff95001600055c01c0494	402881e45ffff95001600055c01c0494
T3_015_人民法院办理仲裁裁决执行案件.md	T3	仲裁司法审查	法释〔2018〕5号	2018-03-01	5039	24	最高人民法院关于人民法院办理仲裁裁决执行案件若干问题的规定	laws/content/司法解释/2c90e5bb65c68cfd0167f2d6dcdb4ef7.md	https://flk.npc.gov.cn/detail?id=2c90e5bb65c68cfd0167f2d6dcdb4ef7	2c90e5bb65c68cfd0167f2d6dcdb4ef7
T3_016_人民法院办理执行异议和复议案.md	T3	执行·异议复议		2021-01-01	6316	32	最高人民法院关于人民法院办理执行异议和复议案件若干问题的规定	laws/content/司法解释/ff80818179f5d2480179fa3b2d930427.md	https://flk.npc.gov.cn/detail?id=ff80818179f5d2480179fa3b2d930427	ff80818179f5d2480179fa3b2d930427
T3_017_人民法院办理海峡两岸送达文书.md	T3	按桶兜底:G_程序与证据执行衔接	法释〔2011〕15号	2011-06-25	6139	30	最高人民法院关于人民法院办理海峡两岸送达文书和调查取证司法互助案件的规定	laws/content/司法解释/402881e46005230d016005b4fd240796.md	https://flk.npc.gov.cn/detail?id=402881e46005230d016005b4fd240796	402881e46005230d016005b4fd240796
T3_018_人民法院对注册商标权进行财产.md	T3	保全		2021-01-01	572	3	最高人民法院关于人民法院对注册商标权进行财产保全的解释	laws/content/司法解释/ff808181799df4000179ad132b9c13ac.md	https://flk.npc.gov.cn/detail?id=ff808181799df4000179ad132b9c13ac	ff808181799df4000179ad132b9c13ac
T3_019_人民法院庭审录音录像的若干规.md	T3	审判程序	法释〔2017〕5号	2017-03-01	1759	19	最高人民法院关于人民法院庭审录音录像的若干规定	laws/content/司法解释/402881e45ffbbe41015ffbf5143f02c4.md	https://flk.npc.gov.cn/detail?id=402881e45ffbbe41015ffbf5143f02c4	402881e45ffbbe41015ffbf5143f02c4
T3_020_人民法院强制执行股权若干问题.md	T3	执行·股权	法释〔2021〕20号	2022-01-01	4016	19	最高人民法院关于人民法院强制执行股权若干问题的规定	laws/content/司法解释/ff8081817e8f9846017e9b04394e0115.md	https://flk.npc.gov.cn/detail?id=ff8081817e8f9846017e9b04394e0115	ff8081817e8f9846017e9b04394e0115
T3_021_人民法院执行工作若干问题的规.md	T3	执行·综合		2021-01-01	8545	0	最高人民法院关于人民法院执行工作若干问题的规定（试行）	laws/content/司法解释/ff80818179f5d52f0179fa47e5ed06ef.md	https://flk.npc.gov.cn/detail?id=ff80818179f5d52f0179fa47e5ed06ef	ff80818179f5d52f0179fa47e5ed06ef
T3_022_人民法院民事执行中拍卖变卖财.md	T3	执行·处置		2021-01-01	4528	33	最高人民法院关于人民法院民事执行中拍卖、变卖财产的规定	laws/content/司法解释/ff80818179f5d2480179fa42df9c0461.md	https://flk.npc.gov.cn/detail?id=ff80818179f5d2480179fa42df9c0461	ff80818179f5d2480179fa42df9c0461
T3_023_人民法院民事执行中查封扣押冻.md	T3	执行·控制		2021-01-01	4662	30	最高人民法院关于人民法院民事执行中查封、扣押、冻结财产的规定	laws/content/司法解释/ff80818179f5d3e70179fa4136fb0457.md	https://flk.npc.gov.cn/detail?id=ff80818179f5d3e70179fa4136fb0457	ff80818179f5d3e70179fa4136fb0457
T3_024_人民法院特邀调解的规定.md	T3	按桶兜底:G_程序与证据执行衔接	法释〔2016〕14号	2016-07-01	4075	30	最高人民法院关于人民法院特邀调解的规定	laws/content/司法解释/402881e45ffbbe41015ffbcd0810005f.md	https://flk.npc.gov.cn/detail?id=402881e45ffbbe41015ffbcd0810005f	402881e45ffbbe41015ffbcd0810005f
T3_025_人民法院网络司法拍卖若干问题.md	T3	执行·拍卖	法释〔2016〕18号	2017-01-01	6176	38	最高人民法院关于人民法院网络司法拍卖若干问题的规定	laws/content/司法解释/402881e45ffbbe41015ffbd41c8700b2.md	https://flk.npc.gov.cn/detail?id=402881e45ffbbe41015ffbd41c8700b2	402881e45ffbbe41015ffbd41c8700b2
T3_026_人民调解协议司法确认程序的若.md	T3	多元解纷	法释〔2011〕5号	2011-03-30	1861	13	最高人民法院关于人民调解协议司法确认程序的若干规定	laws/content/司法解释/402881e46000e27901600188eaeb069b.md	https://flk.npc.gov.cn/detail?id=402881e46000e27901600188eaeb069b	402881e46000e27901600188eaeb069b
T3_027_以法院专递方式邮寄送达民事诉.md	T3	按桶兜底:G_程序与证据执行衔接	法释〔2004〕13号	2005-01-01	1960	12	最高人民法院关于以法院专递方式邮寄送达民事诉讼文书的若干规定	laws/content/司法解释/402881e46005230d0160054ed5c40068.md	https://flk.npc.gov.cn/detail?id=402881e46005230d0160054ed5c40068	402881e46005230d0160054ed5c40068
T3_028_仲裁司法审查案件报核问题的有.md	T3	按桶兜底:G_程序与证据执行衔接		2022-01-01	1384	9	最高人民法院关于仲裁司法审查案件报核问题的有关规定	laws/content/司法解释/ff8081817e8f9846017e9b0773e70132.md	https://flk.npc.gov.cn/detail?id=ff8081817e8f9846017e9b0773e70132	ff8081817e8f9846017e9b0773e70132
T3_029_仲裁机构先予仲裁裁决或者调解.md	T3	按桶兜底:G_程序与证据执行衔接	法释〔2018〕10号	2018-06-12	792	0	最高人民法院关于仲裁机构“先予仲裁”裁决或者调解书立案、执行等法律适用问题的批复	laws/content/司法解释/2c90e5bb65c68cfd0167f25faae04d51.md	https://flk.npc.gov.cn/detail?id=2c90e5bb65c68cfd0167f25faae04d51	2c90e5bb65c68cfd0167f25faae04d51
T3_030_依据原告起诉时提供的被告住址.md	T3	按桶兜底:G_程序与证据执行衔接	法释〔2004〕17号	2004-12-02	564	0	最高人民法院关于依据原告起诉时提供的被告住址无法送达应如何处理问题的批复	laws/content/司法解释/402881e46005230d01600549e79a0023.md	https://flk.npc.gov.cn/detail?id=402881e46005230d01600549e79a0023	402881e46005230d01600549e79a0023
T3_031_依据国际公约和双边司法协助条.md	T3	按桶兜底:G_程序与证据执行衔接		2021-01-01	1374	12	最高人民法院关于依据国际公约和双边司法协助条约办理民商事案件司法文书送达和调查取证司法协助请求的规定	laws/content/司法解释/ff808181799def980179b1b091a01b62.md	https://flk.npc.gov.cn/detail?id=ff808181799def980179b1b091a01b62	ff808181799def980179b1b091a01b62
T3_032_修改后的民事诉讼法施行时未结.md	T3	按桶兜底:G_程序与证据执行衔接	法释〔2012〕23号	2013-01-01	1450	8	最高人民法院关于修改后的民事诉讼法施行时未结案件适用法律若干问题的规定	laws/content/司法解释/402881e46000e279016001d4614e0c43.md	https://flk.npc.gov.cn/detail?id=402881e46000e279016001d4614e0c43	402881e46000e279016001d4614e0c43
T3_033_公布失信被执行人名单信息的若.md	T3	执行·惩戒	法释〔2017〕7号	2017-05-01	5222	13	最高人民法院关于公布失信被执行人名单信息的若干规定	laws/content/司法解释/402881e45ffbbe41015ffbf8911a030d.md	https://flk.npc.gov.cn/detail?id=402881e45ffbbe41015ffbf8911a030d	402881e45ffbbe41015ffbf8911a030d
T3_034_公证债权文书执行若干问题的规.md	T3	执行·公证债权文书	法释〔2018〕18号	2018-10-01	3693	25	最高人民法院关于公证债权文书执行若干问题的规定	laws/content/司法解释/2c90e5bb65c68cfd0167f2f641544f92.md	https://flk.npc.gov.cn/detail?id=2c90e5bb65c68cfd0167f2f641544f92	2c90e5bb65c68cfd0167f2f641544f92
T3_035_判决生效后当事人将判决确认的.md	T3	按桶兜底:G_程序与证据执行衔接	法释〔2011〕2号	2011-02-01	468	0	最高人民法院关于判决生效后当事人将判决确认的债权转让债权受让人对该判决不服提出再审申请人民法院是否受理问题的批复	laws/content/司法解释/402881e46000e2790160015caf7102e3.md	https://flk.npc.gov.cn/detail?id=402881e46000e2790160015caf7102e3	402881e46000e2790160015caf7102e3
T3_036_办理行政申请再审案件若干问题.md	T3	按桶兜底:G_程序与证据执行衔接	法释〔2021〕6号	2021-04-01	2019	6	最高人民法院关于办理行政申请再审案件若干问题的规定	laws/content/司法解释/ff8081817b969375017b9ba43b3d0a2f.md	https://flk.npc.gov.cn/detail?id=ff8081817b969375017b9ba43b3d0a2f	ff8081817b969375017b9ba43b3d0a2f
T3_037_向居住在外国的我国公民送达司.md	T3	按桶兜底:G_程序与证据执行衔接		1993-11-19	1009	0	最高人民法院关于向居住在外国的我国公民送达司法文书问题的复函	laws/content/司法解释/402881e46000e279016001ceaec30bc1.md	https://flk.npc.gov.cn/detail?id=402881e46000e279016001ceaec30bc1	402881e46000e279016001ceaec30bc1
T3_038_因申请诉中财产保全损害责任纠.md	T3	保全	法释〔2017〕14号	2017-08-10	346	0	最高人民法院关于因申请诉中财产保全损害责任纠纷管辖问题的批复	laws/content/司法解释/402881e45ffbbe41015ffc02a07403c0.md	https://flk.npc.gov.cn/detail?id=402881e45ffbbe41015ffc02a07403c0	402881e45ffbbe41015ffc02a07403c0
T3_039_在执行工作中如何计算迟延履行.md	T3	执行·利息	法释〔2009〕6号	2009-05-18	591	0	最高人民法院关于在执行工作中如何计算迟延履行期间的债务利息等问题的批复	laws/content/司法解释/402881e46005230d0160055624d4017c.md	https://flk.npc.gov.cn/detail?id=402881e46005230d0160055624d4017c	402881e46005230d0160055624d4017c
T3_040_在执行附加刑剥夺政治权利期间.md	T3	按桶兜底:G_程序与证据执行衔接	法释〔2009〕10号	2009-06-10	613	0	最高人民法院关于在执行附加刑剥夺政治权利期间犯新罪应如何处理的批复	laws/content/司法解释/402881e45ffff9500160006203010573.md	https://flk.npc.gov.cn/detail?id=402881e45ffff9500160006203010573	402881e45ffff9500160006203010573
T3_041_如何确定沿海内河货物运输赔偿.md	T3	按桶兜底:G_程序与证据执行衔接	法释〔2001〕18号	2001-05-31	336	0	最高人民法院关于如何确定沿海、内河货物运输赔偿请求权时效期间问题的批复	laws/content/司法解释/402881e45ffff9500160004cf4eb039f.md	https://flk.npc.gov.cn/detail?id=402881e45ffff9500160004cf4eb039f	402881e45ffff9500160004cf4eb039f
T3_042_委托执行若干问题的规定.md	T3	执行·管辖		2021-01-01	2381	15	最高人民法院关于委托执行若干问题的规定	laws/content/司法解释/ff80818179f5d3e70179fa4da97e04c5.md	https://flk.npc.gov.cn/detail?id=ff80818179f5d3e70179fa4da97e04c5	ff80818179f5d3e70179fa4da97e04c5
T3_043_审查知识产权纠纷行为保全案件.md	T3	保全	法释〔2018〕21号	2019-01-01	3473	21	最高人民法院关于审查知识产权纠纷行为保全案件适用法律若干问题的规定	laws/content/司法解释/ff8080816f3e98bd016f41f4fc6a0228.md	https://flk.npc.gov.cn/detail?id=ff8080816f3e98bd016f41f4fc6a0228	ff8080816f3e98bd016f41f4fc6a0228
T3_044_审理仲裁司法审查案件若干问题.md	T3	按桶兜底:G_程序与证据执行衔接	法释〔2017〕22号	2018-01-01	3216	22	最高人民法院关于审理仲裁司法审查案件若干问题的规定	laws/content/司法解释/2c90e5bb65c68cfd0167f2b56b244e4b.md	https://flk.npc.gov.cn/detail?id=2c90e5bb65c68cfd0167f2b56b244e4b	2c90e5bb65c68cfd0167f2b56b244e4b
T3_045_审理当事人申请撤销仲裁裁决案.md	T3	按桶兜底:G_程序与证据执行衔接	法释〔1998〕16号	1998-07-28	509	0	最高人民法院关于审理当事人申请撤销仲裁裁决案件几个具体问题的批复	laws/content/司法解释/402881e46000e279016001a3e57f084b.md	https://flk.npc.gov.cn/detail?id=402881e46000e279016001a3e57f084b	402881e46000e279016001a3e57f084b
T3_046_审理涉执行司法赔偿案件适用法.md	T3	按桶兜底:G_程序与证据执行衔接	法释〔2022〕3号	2022-03-01	3569	20	最高人民法院关于审理涉执行司法赔偿案件适用法律若干问题的解释	laws/content/司法解释/ff80818181cdd7a70181d29684da22aa.md	https://flk.npc.gov.cn/detail?id=ff80818181cdd7a70181d29684da22aa	ff80818181cdd7a70181d29684da22aa
T3_047_对上海市高级人民法院等就涉及.md	T3	按桶兜底:G_程序与证据执行衔接	法释〔2015〕15号	2015-07-17	1756	0	最高人民法院关于对上海市高级人民法院等就涉及中国国际经济贸易仲裁委员会及其原分会等仲裁机构所作仲裁裁决司法审查案件请示问题的批复	laws/content/司法解释/402881e45ffb5c4c015ffb6e4eb201bc.md	https://flk.npc.gov.cn/detail?id=402881e45ffb5c4c015ffb6e4eb201bc	402881e45ffb5c4c015ffb6e4eb201bc
T3_048_对人民法院终结执行行为提出执.md	T3	按桶兜底:G_程序与证据执行衔接	法释〔2016〕3号	2016-02-15	422	0	最高人民法院关于对人民法院终结执行行为提出执行异议期限问题的批复	laws/content/司法解释/402881e45ffb5c4c015ffb9161a104a0.md	https://flk.npc.gov.cn/detail?id=402881e45ffb5c4c015ffb9161a104a0	402881e45ffb5c4c015ffb9161a104a0
T3_049_对执行程序中的裁定的抗诉不予.md	T3	按桶兜底:G_程序与证据执行衔接		1995-08-10	255	0	最高人民法院关于对执行程序中的裁定的抗诉不予受理的批复	laws/content/司法解释/402881e45ffff950016000aed92b0aa0.md	https://flk.npc.gov.cn/detail?id=402881e45ffff950016000aed92b0aa0	402881e45ffff950016000aed92b0aa0
T3_050_对被执行人存在银行的凭证式国.md	T3	按桶兜底:G_程序与证据执行衔接		2021-01-01	409	0	最高人民法院关于对被执行人存在银行的凭证式国库券可否采取执行措施问题的批复	laws/content/司法解释/ff80818179f5d3e70179fa27047a0385.md	https://flk.npc.gov.cn/detail?id=ff80818179f5d3e70179fa27047a0385	ff80818179f5d3e70179fa27047a0385
T3_051_巡回法庭审理案件若干问题的规.md	T3	审判程序	法释〔2016〕30号	2016-12-28	2752	13	最高人民法院关于巡回法庭审理案件若干问题的规定	laws/content/司法解释/402881e45ffbbe41015ffbe5805401d0.md	https://flk.npc.gov.cn/detail?id=402881e45ffbbe41015ffbe5805401d0	402881e45ffbbe41015ffbe5805401d0
T3_052_当事人对人民法院撤销仲裁裁决.md	T3	按桶兜底:G_程序与证据执行衔接	法释〔1999〕6号	1999-02-16	279	0	最高人民法院关于当事人对人民法院撤销仲裁裁决的裁定不服申请再审人民法院是否受理问题的批复	laws/content/司法解释/402881e45ffff950016000858ff10866.md	https://flk.npc.gov.cn/detail?id=402881e45ffff950016000858ff10866	402881e45ffff950016000858ff10866
T3_053_当事人对驳回其申请撤销仲裁裁.md	T3	按桶兜底:G_程序与证据执行衔接	法释〔2004〕9号	2004-07-29	296	0	最高人民法院关于当事人对驳回其申请撤销仲裁裁决的裁定不服而申请再审，人民法院不予受理问题的批复	laws/content/司法解释/402881e45ffff950016000824ae30840.md	https://flk.npc.gov.cn/detail?id=402881e45ffff950016000824ae30840	402881e45ffff950016000824ae30840
T3_054_当事人申请财产保全错误造成案.md	T3	保全	法释〔2005〕11号	2005-08-24	414	0	最高人民法院关于当事人申请财产保全错误造成案外人损失应否承担赔偿责任问题的解释	laws/content/司法解释/402881e45ffff95001600094eb1908fc.md	https://flk.npc.gov.cn/detail?id=402881e45ffff95001600094eb1908fc	402881e45ffff95001600094eb1908fc
T3_055_执行我国加入的承认及执行外国.md	T3	按桶兜底:G_程序与证据执行衔接		1987-04-10	2755	4	最高人民法院关于执行我国加入的《承认及执行外国仲裁裁决公约》的通知	laws/content/司法解释/402881e46005230d0160055aa40f0219.md	https://flk.npc.gov.cn/detail?id=402881e46005230d0160055aa40f0219	402881e46005230d0160055aa40f0219
T3_056_执行程序中计算迟延履行期间的.md	T3	执行·利息	法释〔2014〕8号	2014-08-01	1373	7	最高人民法院关于执行程序中计算迟延履行期间的债务利息适用法律若干问题的解释	laws/content/司法解释/402881e45ffb0c10015ffb34c3b40120.md	https://flk.npc.gov.cn/detail?id=402881e45ffb0c10015ffb34c3b40120	402881e45ffb0c10015ffb34c3b40120
T3_057_未被续聘的仲裁员在原参加审理.md	T3	按桶兜底:G_程序与证据执行衔接	法释〔1998〕21号	1998-09-05	471	0	最高人民法院关于未被续聘的仲裁员在原参加审理的案件裁决书上签名人民法院应当执行该仲裁裁决书的批复	laws/content/司法解释/402881e46000e279016001cad5a10b63.md	https://flk.npc.gov.cn/detail?id=402881e46000e279016001cad5a10b63	402881e46000e279016001cad5a10b63
T3_058_民事审判监督程序严格依法适用.md	T3	按桶兜底:G_程序与证据执行衔接	法释〔2015〕7号	2015-03-15	1838	9	最高人民法院关于民事审判监督程序严格依法适用指令再审和发回重审若干问题的规定	laws/content/司法解释/402881e45ffb5c4c015ffb5f419e0026.md	https://flk.npc.gov.cn/detail?id=402881e45ffb5c4c015ffb5f419e0026	402881e45ffb5c4c015ffb5f419e0026
T3_059_民事执行中变更追加当事人若干.md	T3	执行·当事人		2021-01-01	4474	35	最高人民法院关于民事执行中变更、追加当事人若干问题的规定	laws/content/司法解释/ff80818179f5d52f0179fa3029fe0647.md	https://flk.npc.gov.cn/detail?id=ff80818179f5d52f0179fa3029fe0647	ff80818179f5d52f0179fa3029fe0647
T3_060_民事执行中财产调查若干问题的.md	T3	执行·调查		2021-01-01	4001	26	最高人民法院关于民事执行中财产调查若干问题的规定	laws/content/司法解释/ff80818179f5d2480179fa3186d503e4.md	https://flk.npc.gov.cn/detail?id=ff80818179f5d2480179fa3186d503e4	ff80818179f5d2480179fa3186d503e4
T3_061_民事诉讼委托代理人在执行程序.md	T3	按桶兜底:G_程序与证据执行衔接		1997-01-23	282	0	最高人民法院关于民事诉讼委托代理人在执行程序中的代理权限问题的批复	laws/content/司法解释/402881e46000e27901600146ff74014e.md	https://flk.npc.gov.cn/detail?id=402881e46000e27901600146ff74014e	402881e46000e27901600146ff74014e
T3_062_民事诉讼证据的若干规定.md	T3	证据		2020-05-01	14088	100	最高人民法院关于民事诉讼证据的若干规定	laws/content/司法解释/ff808081777d0c940177ccd29d894ded.md	https://flk.npc.gov.cn/detail?id=ff808081777d0c940177ccd29d894ded	ff808081777d0c940177ccd29d894ded
T3_063_海事法院可否适用小额诉讼程序.md	T3	审判程序	法释〔2013〕16号	2013-06-26	356	0	最高人民法院关于海事法院可否适用小额诉讼程序问题的批复	laws/content/司法解释/402881e45ffff950016000b49abc0b1c.md	https://flk.npc.gov.cn/detail?id=402881e45ffff950016000b49abc0b1c	402881e45ffff950016000b49abc0b1c
T3_064_涉外民事或商事案件司法文书送.md	T3	按桶兜底:G_程序与证据执行衔接		2021-01-01	1972	16	最高人民法院关于涉外民事或商事案件司法文书送达问题若干规定	laws/content/司法解释/ff808181799df6140179b104dcd12d36.md	https://flk.npc.gov.cn/detail?id=ff808181799df6140179b104dcd12d36	ff808181799df6140179b104dcd12d36
T3_065_知识产权民事诉讼证据的若干规.md	T3	证据	法释〔2020〕12号	2020-11-18	4527	33	最高人民法院关于知识产权民事诉讼证据的若干规定	laws/content/司法解释/ff808081777d07c50177cdb330855510.md	https://flk.npc.gov.cn/detail?id=ff808081777d07c50177cdb330855510	ff808081777d07c50177cdb330855510
T3_066_确认仲裁协议效力几个问题的批.md	T3	仲裁司法审查	法释〔1998〕27号	1998-11-05	821	0	最高人民法院关于确认仲裁协议效力几个问题的批复	laws/content/司法解释/402881e46000e27901600160e0ec033a.md	https://flk.npc.gov.cn/detail?id=402881e46000e27901600160e0ec033a	402881e46000e27901600160e0ec033a
T3_067_行政申请再审案件立案程序的规.md	T3	按桶兜底:G_程序与证据执行衔接	法释〔2017〕18号	2018-01-01	2970	15	最高人民法院关于行政申请再审案件立案程序的规定	laws/content/司法解释/ff808081777d0c940177ce4371685184.md	https://flk.npc.gov.cn/detail?id=ff808081777d0c940177ce4371685184	ff808081777d0c940177ce4371685184
T3_068_诉前财产保全几个问题的批复.md	T3	保全	法释〔1998〕29号	1998-12-05	407	0	最高人民法院关于诉前财产保全几个问题的批复	laws/content/司法解释/402881e46000e279016001c197a90aa8.md	https://flk.npc.gov.cn/detail?id=402881e46000e279016001c197a90aa8	402881e46000e279016001c197a90aa8
T3_069_适用中华人民共和国仲裁法若干.md	T3	仲裁司法审查	法释〔2006〕7号	2006-09-08	3193	31	最高人民法院关于适用《中华人民共和国仲裁法》若干问题的解释	laws/content/司法解释/402881e46000e279016001b4693f0962.md	https://flk.npc.gov.cn/detail?id=402881e46000e279016001b4693f0962	402881e46000e279016001b4693f0962
T3_070_适用中华人民共和国民事诉讼法.md	T3	审判监督		2021-01-01	3192	30	最高人民法院关于适用《中华人民共和国民事诉讼法》审判监督程序若干问题的解释	laws/content/司法解释/ff808181799def980179b1ab569c1b33.md	https://flk.npc.gov.cn/detail?id=ff808181799def980179b1ab569c1b33	ff808181799def980179b1ab569c1b33
T3_071_适用中华人民共和国民事诉讼法.md	T3	执行·程序		2021-01-01	3396	27	最高人民法院关于适用《中华人民共和国民事诉讼法》执行程序若干问题的解释	laws/content/司法解释/ff80818179f5d2480179fa4c0ccb0492.md	https://flk.npc.gov.cn/detail?id=ff80818179f5d2480179fa4c0ccb0492	ff80818179f5d2480179fa4c0ccb0492
T3_072_适用简易程序审理民事案件的若.md	T3	审判程序		2021-01-01	4860	34	最高人民法院关于适用简易程序审理民事案件的若干规定	laws/content/司法解释/ff808181799df4000179b1ad2c591ae4.md	https://flk.npc.gov.cn/detail?id=ff808181799df4000179b1ad2c591ae4	ff808181799df4000179b1ad2c591ae4
T3_073_限制被执行人高消费及有关消费.md	T3	执行·惩戒	法释〔2015〕17号	2015-07-22	3257	12	最高人民法院关于限制被执行人高消费及有关消费的若干规定	laws/content/司法解释/402881e45ffb5c4c015ffb72a8aa0215.md	https://flk.npc.gov.cn/detail?id=402881e45ffb5c4c015ffb72a8aa0215	402881e45ffb5c4c015ffb72a8aa0215
T3_074_首先查封法院与优先债权执行法.md	T3	按桶兜底:G_程序与证据执行衔接	法释〔2016〕6号	2016-04-14	1876	0	最高人民法院关于首先查封法院与优先债权执行法院处分查封财产有关问题的批复	laws/content/司法解释/402881e45ffb5c4c015ffb96150f0513.md	https://flk.npc.gov.cn/detail?id=402881e45ffb5c4c015ffb96150f0513	402881e45ffb5c4c015ffb96150f0513
T3_075_最高人民法院印发关于规范人民.md	T3	按桶兜底:G_程序与证据执行衔接		2002-11-01	3088	17	最高人民法院印发《关于规范人民法院再审立案的若干意见（试行）》的通知	laws/content/司法解释/402881e46000e2790160018376e3063b.md	https://flk.npc.gov.cn/detail?id=402881e46000e2790160018376e3063b	402881e46000e2790160018376e3063b
T3_076_最高人民法院对当事人对人民法.md	T3	按桶兜底:G_程序与证据执行衔接		1995-08-22	324	0	最高人民法院对《当事人对人民法院强制执行生效具体行政行为的案件提出申诉人民法院应如何受理和处理的请示》的答复	laws/content/司法解释/402881e45ffbbe41015ffc08745a0416.md	https://flk.npc.gov.cn/detail?id=402881e45ffbbe41015ffc08745a0416	402881e45ffbbe41015ffc08745a0416
T4_001_审理建筑物区分所有权纠纷案件.md	T4	不动产		2021-01-01	2787	19	最高人民法院关于审理建筑物区分所有权纠纷案件适用法律若干问题的解释	laws/content/司法解释/ff808181799df6140179b092ef2d2af9.md	https://flk.npc.gov.cn/detail?id=ff808181799df6140179b092ef2d2af9	ff808181799df6140179b092ef2d2af9
T4_002_审理森林资源民事纠纷案件适用.md	T4	环境资源	法释〔2022〕16号	2022-06-15	3539	23	最高人民法院关于审理森林资源民事纠纷案件适用法律若干问题的解释	laws/content/司法解释/ff8081818364da1401837ccf57395945.md	https://flk.npc.gov.cn/detail?id=ff8081818364da1401837ccf57395945	ff8081818364da1401837ccf57395945
T4_003_审理生态环境侵权责任纠纷案件.md	T4	环境资源	法释〔2023〕5号	2023-09-01	4139	29	最高人民法院关于审理生态环境侵权责任纠纷案件适用法律若干问题的解释	laws/content/司法解释/ff8081818b288414018b4164e15676c3.md	https://flk.npc.gov.cn/detail?id=ff8081818b288414018b4164e15676c3	ff8081818b288414018b4164e15676c3
T4_004_审理垄断民事纠纷案件适用法律.md	T4	竞争	法释〔2024〕6号	2024-07-01	13297	51	最高人民法院关于审理垄断民事纠纷案件适用法律若干问题的解释	laws/content/司法解释/ff8081819150415e01916e74b4e654ed.md	https://flk.npc.gov.cn/detail?id=ff8081819150415e01916e74b4e654ed	ff8081819150415e01916e74b4e654ed
T4_005_审理侵犯专利权纠纷案件应用法.md	T4	知产		2021-01-01	5096	31	最高人民法院关于审理侵犯专利权纠纷案件应用法律若干问题的解释（二）	laws/content/司法解释/ff808181799df6140179ad1751a3218f.md	https://flk.npc.gov.cn/detail?id=ff808181799df6140179ad1751a3218f	ff808181799df6140179ad1751a3218f
T4_006_审理生态环境侵权纠纷案件适用.md	T4	环境资源	法释〔2022〕1号	2022-01-20	2382	14	最高人民法院关于审理生态环境侵权纠纷案件适用惩罚性赔偿的解释	laws/content/司法解释/ff80818181cdceb30181d28c77f9217f.md	https://flk.npc.gov.cn/detail?id=ff80818181cdceb30181d28c77f9217f	ff80818181cdceb30181d28c77f9217f
T4_007_审理著作权民事纠纷案件适用法.md	T4	知产		2021-01-01	3530	30	最高人民法院关于审理著作权民事纠纷案件适用法律若干问题的解释	laws/content/司法解释/ff808181799df4000179ad239f441454.md	https://flk.npc.gov.cn/detail?id=ff808181799df4000179ad239f441454	ff808181799df4000179ad239f441454
T4_008_在民事审判工作中适用中华人民.md	T4	按桶兜底:K_正文引用民法典		2021-01-01	1396	8	最高人民法院关于在民事审判工作中适用《中华人民共和国工会法》若干问题的解释	laws/content/司法解释/ff808181799df4000179b0a7f8d31899.md	https://flk.npc.gov.cn/detail?id=ff808181799df4000179b0a7f8d31899	ff808181799df4000179b0a7f8d31899
T4_009_审理侵害植物新品种权纠纷案件.md	T4	知产		2021-01-01	1884	8	最高人民法院关于审理侵害植物新品种权纠纷案件具体应用法律问题的若干规定	laws/content/司法解释/ff808181799df6140179ad19687b21c1.md	https://flk.npc.gov.cn/detail?id=ff808181799df6140179ad19687b21c1	ff808181799df6140179ad19687b21c1
T4_010_审理侵害植物新品种权纠纷案件.md	T4	知产	法释〔2021〕14号	2021-07-07	3353	25	最高人民法院关于审理侵害植物新品种权纠纷案件具体应用法律问题的若干规定（二）	laws/content/司法解释/ff8081817b969375017b9bb9ca520d72.md	https://flk.npc.gov.cn/detail?id=ff8081817b969375017b9bb9ca520d72	ff8081817b969375017b9bb9ca520d72
T4_011_审理商标民事纠纷案件适用法律.md	T4	知产		2021-01-01	3554	24	最高人民法院关于审理商标民事纠纷案件适用法律若干问题的解释	laws/content/司法解释/ff808181799df6140179ad1b6bba2206.md	https://flk.npc.gov.cn/detail?id=ff808181799df6140179ad1b6bba2206	ff808181799df6140179ad1b6bba2206
T4_012_审理外商投资企业纠纷案件若干.md	T4	按桶兜底:K_正文引用民法典		2021-01-01	4139	24	最高人民法院关于审理外商投资企业纠纷案件若干问题的规定（一）	laws/content/司法解释/ff808181799def980179abf175a81122.md	https://flk.npc.gov.cn/detail?id=ff808181799def980179abf175a81122	ff808181799def980179abf175a81122
T4_013_审理海上货运代理纠纷案件若干.md	T4	海事海商		2021-01-01	2239	16	最高人民法院关于审理海上货运代理纠纷案件若干问题的规定	laws/content/司法解释/ff808181799df6140179abe28813190c.md	https://flk.npc.gov.cn/detail?id=ff808181799df6140179abe28813190c	ff808181799df6140179abe28813190c
T4_014_审理涉及农村土地承包纠纷案件.md	T4	农业农村		2021-01-01	3619	25	最高人民法院关于审理涉及农村土地承包纠纷案件适用法律问题的解释	laws/content/司法解释/ff808181799df6140179b09f77092b8e.md	https://flk.npc.gov.cn/detail?id=ff808181799df6140179b09f77092b8e	ff808181799df6140179b09f77092b8e
T4_015_审理涉及国有土地使用权合同纠.md	T4	不动产		2021-01-01	3107	25	最高人民法院关于审理涉及国有土地使用权合同纠纷案件适用法律问题的解释	laws/content/司法解释/ff808181799df4000179b09d7fb4181e.md	https://flk.npc.gov.cn/detail?id=ff808181799df4000179b09d7fb4181e	ff808181799df4000179b09d7fb4181e
T4_016_审理船舶碰撞纠纷案件若干问题.md	T4	海事海商		2021-01-01	1346	11	最高人民法院关于审理船舶碰撞纠纷案件若干问题的规定	laws/content/司法解释/ff808181799df6140179abd986f3189b.md	https://flk.npc.gov.cn/detail?id=ff808181799df6140179abd986f3189b	ff808181799df6140179abd986f3189b
T4_017_审理食品安全民事纠纷案件适用.md	T4	按桶兜底:K_正文引用民法典	法释〔2020〕14号	2021-01-01	2294	14	最高人民法院关于审理食品安全民事纠纷案件适用法律若干问题的解释（一）	laws/content/司法解释/ff808081777d07c50177d837054c61da.md	https://flk.npc.gov.cn/detail?id=ff808081777d07c50177d837054c61da	ff808081777d07c50177d837054c61da
T4_018_适用中华人民共和国反不正当竞.md	T4	竞争	法释〔2022〕9号	2022-03-20	4069	29	最高人民法院关于适用《中华人民共和国反不正当竞争法》若干问题的解释	laws/content/司法解释/ff80818181cdd7a70181d7e56efb41b3.md	https://flk.npc.gov.cn/detail?id=ff80818181cdd7a70181d7e56efb41b3	ff80818181cdd7a70181d7e56efb41b3
T4_019_产品侵权案件的受害人能否以产.md	T4	知产		2021-01-01	435	0	最高人民法院关于产品侵权案件的受害人能否以产品的商标所有人为被告提起民事诉讼的批复	laws/content/司法解释/ff808181799df4000179b0e06b071912.md	https://flk.npc.gov.cn/detail?id=ff808181799df4000179b0e06b071912	ff808181799df4000179b0e06b071912
T4_020_人民法院司法拍卖房产竞买人资.md	T4	按桶兜底:K_正文引用民法典	法释〔2021〕18号	2022-01-01	1012	9	最高人民法院关于人民法院司法拍卖房产竞买人资格若干问题的规定	laws/content/司法解释/ff8081817e8f9846017e9af53ccc00d2.md	https://flk.npc.gov.cn/detail?id=ff8081817e8f9846017e9af53ccc00d2	ff8081817e8f9846017e9af53ccc00d2
T4_021_国有土地开荒后用于农耕的土地.md	T4	不动产		2021-01-01	515	0	最高人民法院关于国有土地开荒后用于农耕的土地使用权转让合同纠纷案件如何适用法律问题的批复	laws/content/司法解释/ff808181799df6140179aba907b0179b.md	https://flk.npc.gov.cn/detail?id=ff808181799df6140179aba907b0179b	ff808181799df6140179aba907b0179b
T4_022_在审理经济纠纷案件中涉及经济.md	T4	按桶兜底:K_正文引用民法典		2021-01-01	2231	12	最高人民法院关于在审理经济纠纷案件中涉及经济犯罪嫌疑若干问题的规定	laws/content/司法解释/ff808181799df6140179b0a8a0272bec.md	https://flk.npc.gov.cn/detail?id=ff808181799df6140179b0a8a0272bec	ff808181799df6140179b0a8a0272bec
T4_023_大型企业与中小企业约定以第三.md	T4	按桶兜底:K_正文引用民法典	法释〔2024〕11号	2024-08-27	470	0	最高人民法院关于大型企业与中小企业约定以第三方支付款项为付款前提条款效力问题的批复	laws/content/司法解释/ff80818192289187019240cb0c853fa4.md	https://flk.npc.gov.cn/detail?id=ff80818192289187019240cb0c853fa4	ff80818192289187019240cb0c853fa4
T4_024_审理专利纠纷案件适用法律问题.md	T4	知产		2021-01-01	3891	20	最高人民法院关于审理专利纠纷案件适用法律问题的若干规定	laws/content/司法解释/ff808181799df4000179ad2437231456.md	https://flk.npc.gov.cn/detail?id=ff808181799df4000179ad2437231456	ff808181799df4000179ad2437231456
T4_025_审理侵害信息网络传播权民事纠.md	T4	数据与网络	法释〔2006〕11号	2021-01-01	2937	16	最高人民法院关于审理侵害信息网络传播权民事纠纷案件适用法律若干问题的规定	laws/content/司法解释/ff808181799def980179ad1863301415.md	https://flk.npc.gov.cn/detail?id=ff808181799def980179ad1863301415	ff808181799def980179ad1863301415
T4_026_审理侵害知识产权民事纠纷案件.md	T4	知产	法释〔2026〕7号	2026-05-01	2355	14	最高人民法院关于审理侵害知识产权民事纠纷案件适用惩罚性赔偿的解释	laws/content/司法解释/ff8081819e48b44c019e638a4f7b7028.md	https://flk.npc.gov.cn/detail?id=ff8081819e48b44c019e638a4f7b7028	ff8081819e48b44c019e638a4f7b7028
T4_027_审理信用证纠纷案件若干问题的.md	T4	按桶兜底:K_正文引用民法典		2021-01-01	2594	18	最高人民法院关于审理信用证纠纷案件若干问题的规定	laws/content/司法解释/ff808181799df4000179abf4798310d4.md	https://flk.npc.gov.cn/detail?id=ff808181799df4000179abf4798310d4	ff808181799df4000179abf4798310d4
T4_028_审理存单纠纷案件的若干规定.md	T4	按桶兜底:K_正文引用民法典		2021-01-01	4231	9	最高人民法院关于审理存单纠纷案件的若干规定	laws/content/司法解释/ff808181799df4000179abdd151e0ffe.md	https://flk.npc.gov.cn/detail?id=ff808181799df4000179abdd151e0ffe	ff808181799df4000179abdd151e0ffe
T4_029_审理无正本提单交付货物案件适.md	T4	按桶兜底:K_正文引用民法典		2021-01-01	1577	15	最高人民法院关于审理无正本提单交付货物案件适用法律若干问题的规定	laws/content/司法解释/ff808181799def980179abf2930e1131.md	https://flk.npc.gov.cn/detail?id=ff808181799def980179abf2930e1131	ff808181799def980179abf2930e1131
T4_030_审理植物新品种纠纷案件若干问.md	T4	知产		2021-01-01	1445	6	最高人民法院关于审理植物新品种纠纷案件若干问题的解释	laws/content/司法解释/ff808181799def980179ad20e02a1488.md	https://flk.npc.gov.cn/detail?id=ff808181799def980179ad20e02a1488	ff808181799def980179ad20e02a1488
T4_031_审理注册商标企业名称与在先权.md	T4	知产		2021-01-01	835	4	最高人民法院关于审理注册商标、企业名称与在先权利冲突的民事纠纷案件若干问题的规定	laws/content/司法解释/ff808181799def980179ad228936148a.md	https://flk.npc.gov.cn/detail?id=ff808181799def980179ad228936148a	ff808181799def980179ad228936148a
T4_032_审理涉及公证活动相关民事案件.md	T4	按桶兜底:K_正文引用民法典		2021-01-01	1254	7	最高人民法院关于审理涉及公证活动相关民事案件的若干规定	laws/content/司法解释/ff808181799df6140179b19faeb22f06.md	https://flk.npc.gov.cn/detail?id=ff808181799df6140179b19faeb22f06	ff808181799df6140179b19faeb22f06
T4_033_审理涉及计算机网络域名民事纠.md	T4	数据与网络		2021-01-01	1451	7	最高人民法院关于审理涉及计算机网络域名民事纠纷案件适用法律若干问题的解释	laws/content/司法解释/ff808181799def980179ad1e265c1462.md	https://flk.npc.gov.cn/detail?id=ff808181799def980179ad1e265c1462	ff808181799def980179ad1e265c1462
T4_034_审理生态环境损害赔偿案件的若.md	T4	环境资源		2021-01-01	3431	23	最高人民法院关于审理生态环境损害赔偿案件的若干规定（试行）	laws/content/司法解释/ff808181799df4000179b0a035fe1845.md	https://flk.npc.gov.cn/detail?id=ff808181799df4000179b0a035fe1845	ff808181799df4000179b0a035fe1845
T4_035_审理矿产资源纠纷案件适用法律.md	T4	按桶兜底:K_正文引用民法典	法释〔2026〕2号	2026-02-01	3285	23	最高人民法院关于审理矿产资源纠纷案件适用法律若干问题的解释	laws/content/司法解释/ff8081819c0d2ddb019c2283c18778f7.md	https://flk.npc.gov.cn/detail?id=ff8081819c0d2ddb019c2283c18778f7	ff8081819c0d2ddb019c2283c18778f7
T4_036_审理船舶油污损害赔偿纠纷案件.md	T4	海事海商		2021-01-01	4893	32	最高人民法院关于审理船舶油污损害赔偿纠纷案件若干问题的规定	laws/content/司法解释/ff808181799df6140179abdc12cd18c3.md	https://flk.npc.gov.cn/detail?id=ff808181799df6140179abdc12cd18c3	ff808181799df6140179abdc12cd18c3
T4_037_审理船舶碰撞和触碰案件财产损.md	T4	海事海商		2021-01-01	3068	0	最高人民法院关于审理船舶碰撞和触碰案件财产损害赔偿的规定	laws/content/司法解释/ff808181799df4000179abb59e1d0f70.md	https://flk.npc.gov.cn/detail?id=ff808181799df4000179abb59e1d0f70	ff808181799df4000179abb59e1d0f70
T4_038_审理铁路运输人身损害赔偿纠纷.md	T4	特别领域		2022-01-01	2174	13	最高人民法院关于审理铁路运输人身损害赔偿纠纷案件适用法律若干问题的解释	laws/content/司法解释/ff8081817e8f9b80017e9afb663d1f3b.md	https://flk.npc.gov.cn/detail?id=ff8081817e8f9b80017e9afb663d1f3b	ff8081817e8f9b80017e9afb663d1f3b
T4_039_审理银行卡民事纠纷案件若干问.md	T4	按桶兜底:K_正文引用民法典	法释〔2021〕10号	2021-05-25	2944	16	最高人民法院关于审理银行卡民事纠纷案件若干问题的规定	laws/content/司法解释/ff8081817b96962b017b9bb009c50c6a.md	https://flk.npc.gov.cn/detail?id=ff8081817b96962b017b9bb009c50c6a	ff8081817b96962b017b9bb009c50c6a
T4_040_最高人民法院国务院宗教事务局.md	T4	不动产		1981-01-27	1551	0	最高人民法院 国务院宗教事务局关于寺庙、道观房屋产权归属问题的复函	laws/content/司法解释/402881e45ffbbe41015ffbe8dd8101f5.md	https://flk.npc.gov.cn/detail?id=402881e45ffbbe41015ffbe8dd8101f5	402881e45ffbbe41015ffbe8dd8101f5
T4_041_最高人民法院公安部关于海事法.md	T4	海事海商		1986-10-25	469	0	最高人民法院、公安部关于海事法院审判人员等处理海事案件登外轮问题的通知	laws/content/司法解释/402881e45ffff950016000b724760b62.md	https://flk.npc.gov.cn/detail?id=402881e45ffff950016000b724760b62	402881e45ffff950016000b724760b62
T4_042_中华人民共和国国家赔偿法溯及.md	T4	国家赔偿		1995-01-29	756	0	最高人民法院关于《中华人民共和国国家赔偿法》溯及力和人民法院赔偿委员会受案范围问题的批复	laws/content/司法解释/402881e45ffbbe41015ffc0d33f7044b.md	https://flk.npc.gov.cn/detail?id=402881e45ffbbe41015ffc0d33f7044b	402881e45ffbbe41015ffc0d33f7044b
T4_043_不服政府或房地产行政主管部门.md	T4	不动产		1993-04-17	226	0	最高人民法院关于不服政府或房地产行政主管部门对争执房屋的确权行为提起诉讼人民法院应作何种案件受理问题的函	laws/content/司法解释/402881e45ffbbe41015ffc1248dd04a7.md	https://flk.npc.gov.cn/detail?id=402881e45ffbbe41015ffc1248dd04a7	402881e45ffbbe41015ffc1248dd04a7
T4_044_人民法院扣押铁路运输货物若干.md	T4	特别领域		2021-01-01	1018	0	最高人民法院关于人民法院扣押铁路运输货物若干问题的规定	laws/content/司法解释/ff80818179f5d2480179fa3ea0250437.md	https://flk.npc.gov.cn/detail?id=ff80818179f5d2480179fa3ea0250437	ff80818179f5d2480179fa3ea0250437
T4_045_人民法院赔偿委员会依照中华人.md	T4	国家赔偿	法释〔2014〕7号	2014-08-01	530	0	最高人民法院关于人民法院赔偿委员会依照《中华人民共和国国家赔偿法》第三十条规定纠正原生效的赔偿委员会决定应如何适用人身自由赔偿标准问题的批复	laws/content/司法解释/402881e45ffb0c10015ffb3256b900f8.md	https://flk.npc.gov.cn/detail?id=402881e45ffb0c10015ffb3256b900f8	402881e45ffb0c10015ffb3256b900f8
T4_046_人民法院赔偿委员会审理国家赔.md	T4	国家赔偿	法释〔2011〕6号	2011-03-22	3485	24	最高人民法院关于人民法院赔偿委员会审理国家赔偿案件程序的规定	laws/content/司法解释/402881e45ffbbe41015ffc49b92708f4.md	https://flk.npc.gov.cn/detail?id=402881e45ffbbe41015ffc49b92708f4	402881e45ffbbe41015ffc49b92708f4
T4_047_人民法院赔偿委员会适用质证程.md	T4	国家赔偿	法释〔2013〕27号	2014-03-01	3654	26	最高人民法院关于人民法院赔偿委员会适用质证程序审理国家赔偿案件的规定	laws/content/司法解释/402881e45ffbbe41015ffc4b4d6f091d.md	https://flk.npc.gov.cn/detail?id=402881e45ffbbe41015ffc4b4d6f091d	402881e45ffbbe41015ffc4b4d6f091d
T4_048_办理申请人民法院强制执行国有.md	T4	不动产	法释〔2012〕4号	2012-04-10	1810	11	最高人民法院关于办理申请人民法院强制执行国有土地上房屋征收补偿决定案件若干问题的规定	laws/content/司法解释/402881e45ffbbe41015ffc10cc420487.md	https://flk.npc.gov.cn/detail?id=402881e45ffbbe41015ffc10cc420487	402881e45ffbbe41015ffc10cc420487
T4_049_北京上海广州知识产权法院案件.md	T4	知产		2021-01-01	1277	8	最高人民法院关于北京、上海、广州知识产权法院案件管辖的规定	laws/content/司法解释/ff808181799df6140179ac2750531acc.md	https://flk.npc.gov.cn/detail?id=ff808181799df6140179ac2750531acc	ff808181799df6140179ac2750531acc
T4_050_商标法修改决定施行后商标案件.md	T4	知产		2021-01-01	1665	9	最高人民法院关于商标法修改决定施行后商标案件管辖和法律适用问题的解释	laws/content/司法解释/ff808181799df6140179ad144759213e.md	https://flk.npc.gov.cn/detail?id=ff808181799df6140179ad144759213e	ff808181799df6140179ad144759213e
T4_051_国家赔偿案件立案工作的规定.md	T4	国家赔偿	法释〔2012〕1号	2012-02-15	2806	11	最高人民法院关于国家赔偿案件立案工作的规定	laws/content/司法解释/402881e45ffbbe41015ffc2f598706ad.md	https://flk.npc.gov.cn/detail?id=402881e45ffbbe41015ffc2f598706ad	402881e45ffbbe41015ffc2f598706ad
T4_052_国家赔偿监督程序若干问题的规.md	T4	国家赔偿	法释〔2017〕9号	2017-05-01	4835	27	最高人民法院关于国家赔偿监督程序若干问题的规定	laws/content/司法解释/402881e45ffbbe41015ffbfb1dab0341.md	https://flk.npc.gov.cn/detail?id=402881e45ffbbe41015ffbfb1dab0341	402881e45ffbbe41015ffbfb1dab0341
T4_053_审理专利授权确权行政案件适用.md	T4	知产	法释〔2020〕8号	2020-09-12	5372	32	最高人民法院关于审理专利授权确权行政案件适用法律若干问题的规定（一）	laws/content/司法解释/ff808081777d07c50177cda5e1bd54ae.md	https://flk.npc.gov.cn/detail?id=ff808081777d07c50177cda5e1bd54ae	ff808081777d07c50177cda5e1bd54ae
T4_054_审理侵犯专利权纠纷案件应用法.md	T4	知产	法释〔2009〕21号	2010-01-01	3333	20	最高人民法院关于审理侵犯专利权纠纷案件应用法律若干问题的解释	laws/content/司法解释/402881e46000e2790160017031bc04b0.md	https://flk.npc.gov.cn/detail?id=402881e46000e2790160017031bc04b0	402881e46000e2790160017031bc04b0
T4_055_审理侵犯商业秘密民事案件适用.md	T4	知产	法释〔2020〕7号	2020-09-12	4894	29	最高人民法院关于审理侵犯商业秘密民事案件适用法律若干问题的规定	laws/content/司法解释/ff808081777d0c940177ccf1bb924e92.md	https://flk.npc.gov.cn/detail?id=ff808081777d0c940177ccf1bb924e92	ff808081777d0c940177ccf1bb924e92
T4_056_审理商标授权确权行政案件若干.md	T4	知产		2021-01-01	5884	31	最高人民法院关于审理商标授权确权行政案件若干问题的规定	laws/content/司法解释/ff808181799df6140179ad1c561b220e.md	https://flk.npc.gov.cn/detail?id=ff808181799df6140179ad1c561b220e	ff808181799df6140179ad1c561b220e
T4_057_审理商标案件有关管辖和法律适.md	T4	知产		2021-01-01	1831	10	最高人民法院关于审理商标案件有关管辖和法律适用范围问题的解释	laws/content/司法解释/ff808181799df6140179ad1ab03821fa.md	https://flk.npc.gov.cn/detail?id=ff808181799df6140179ad1ab03821fa	ff808181799df6140179ad1ab03821fa
T4_058_审理房屋登记案件若干问题的规.md	T4	不动产	法释〔2010〕15号	2010-11-18	2239	14	最高人民法院关于审理房屋登记案件若干问题的规定	laws/content/司法解释/402881e45ffbbe41015ffc53ea7e0a15.md	https://flk.npc.gov.cn/detail?id=402881e45ffbbe41015ffc53ea7e0a15	402881e45ffbbe41015ffc53ea7e0a15
T4_059_审理扰乱电信市场管理秩序案件.md	T4	数据与网络	法释〔2000〕12号	2000-05-24	1393	10	最高人民法院关于审理扰乱电信市场管理秩序案件具体应用法律若干问题的解释	laws/content/司法解释/402881e45ffff9500160001e878d00ad.md	https://flk.npc.gov.cn/detail?id=402881e45ffff9500160001e878d00ad	402881e45ffff9500160001e878d00ad
T4_060_审理海事赔偿责任限制相关纠纷.md	T4	海事海商		2021-01-01	2580	23	最高人民法院关于审理海事赔偿责任限制相关纠纷案件的若干规定	laws/content/司法解释/ff808181799df6140179abe49b221924.md	https://flk.npc.gov.cn/detail?id=ff808181799df6140179abe49b221924	ff808181799df6140179abe49b221924
T4_061_审理海洋自然资源与生态环境损.md	T4	环境资源	法释〔2017〕23号	2018-01-15	2500	13	最高人民法院关于审理海洋自然资源与生态环境损害赔偿纠纷案件若干问题的规定	laws/content/司法解释/2c90e5bb65c68cfd0167f2e8d0464f48.md	https://flk.npc.gov.cn/detail?id=2c90e5bb65c68cfd0167f2e8d0464f48	2c90e5bb65c68cfd0167f2e8d0464f48
T4_062_审理涉专利权评价报告案件适用.md	T4	知产	法释〔2025〕11号	2025-08-01	309	0	最高人民法院关于审理涉专利权评价报告案件适用法律问题的批复	laws/content/司法解释/ff80818198a7ecd40198bb1b2565523c.md	https://flk.npc.gov.cn/detail?id=ff80818198a7ecd40198bb1b2565523c	ff80818198a7ecd40198bb1b2565523c
T4_063_审理涉及农村土地承包经营纠纷.md	T4	农业农村		2021-01-01	1856	12	最高人民法院关于审理涉及农村土地承包经营纠纷调解仲裁案件适用法律若干问题的解释	laws/content/司法解释/ff808181799def980179b09e4de11866.md	https://flk.npc.gov.cn/detail?id=ff808181799def980179b09e4de11866	ff808181799def980179b09e4de11866
T4_064_审理涉及农村集体土地行政案件.md	T4	不动产	法释〔2011〕20号	2011-09-05	2036	15	最高人民法院关于审理涉及农村集体土地行政案件若干问题的规定	laws/content/司法解释/402881e45ffbbe41015ffc58bde10a99.md	https://flk.npc.gov.cn/detail?id=402881e45ffbbe41015ffc58bde10a99	402881e45ffbbe41015ffc58bde10a99
T4_065_审理涉及驰名商标保护的民事纠.md	T4	知产		2021-01-01	2355	14	最高人民法院关于审理涉及驰名商标保护的民事纠纷案件应用法律若干问题的解释	laws/content/司法解释/ff808181799df6140179ad1d60f82220.md	https://flk.npc.gov.cn/detail?id=ff808181799df6140179ad1d60f82220	ff808181799df6140179ad1d60f82220
T4_066_审理申请注册的药品相关的专利.md	T4	知产	法释〔2021〕13号	2021-07-05	1879	14	最高人民法院关于审理申请注册的药品相关的专利权纠纷民事案件适用法律若干问题的规定	laws/content/司法解释/ff8081817b96971c017b9bb65eb013bb.md	https://flk.npc.gov.cn/detail?id=ff8081817b96971c017b9bb65eb013bb	ff8081817b96971c017b9bb65eb013bb
T4_067_审理铁路运输损害赔偿案件若干.md	T4	特别领域		2021-01-01	2215	0	最高人民法院关于审理铁路运输损害赔偿案件若干问题的解释	laws/content/司法解释/ff808181799df4000179b0a39dd9186d.md	https://flk.npc.gov.cn/detail?id=ff808181799df4000179b0a39dd9186d	ff808181799df4000179b0a39dd9186d
T4_068_扣押与拍卖船舶适用法律若干问.md	T4	海事海商	法释〔2015〕6号	2015-03-01	2815	25	最高人民法院关于扣押与拍卖船舶适用法律若干问题的规定	laws/content/司法解释/402881e45ffb5c4c015ffb5db269000b.md	https://flk.npc.gov.cn/detail?id=402881e45ffb5c4c015ffb5db269000b	402881e45ffb5c4c015ffb5db269000b
T4_069_执行领事条约中对派遣国船舶实.md	T4	海事海商		1994-01-14	933	0	最高人民法院关于执行领事条约中对派遣国船舶实行强制措施时保护条款的通知	laws/content/司法解释/402881e46005230d01600558cf9301cc.md	https://flk.npc.gov.cn/detail?id=402881e46005230d01600558cf9301cc	402881e46005230d01600558cf9301cc
T4_070_承运人就海上货物运输向托运人.md	T4	海事海商	法释〔1997〕3号	1997-08-07	306	0	最高人民法院关于承运人就海上货物运输向托运人、收货人或提单持有人要求赔偿的请求权时效期间的批复	laws/content/司法解释/402881e46000e2790160013e5aac00e3.md	https://flk.npc.gov.cn/detail?id=402881e46000e2790160013e5aac00e3	402881e46000e2790160013e5aac00e3
T4_071_技术调查官参与知识产权案件诉.md	T4	知产	法释〔2019〕2号	2019-05-01	1677	15	最高人民法院关于技术调查官参与知识产权案件诉讼活动的若干规定	laws/content/司法解释/ff8080816f3e9784016f41f7a0640228.md	https://flk.npc.gov.cn/detail?id=ff8080816f3e9784016f41f7a0640228	ff8080816f3e9784016f41f7a0640228
T4_072_海上保险合同的保险人行使代位.md	T4	海事海商	法释〔2014〕15号	2014-12-26	430	0	最高人民法院关于海上保险合同的保险人行使代位请求赔偿权利的诉讼时效期间起算日的批复	laws/content/司法解释/402881e45ffb0c10015ffb475aae024a.md	https://flk.npc.gov.cn/detail?id=402881e45ffb0c10015ffb475aae024a	402881e45ffb0c10015ffb475aae024a
T4_073_海事法院受理案件范围的规定.md	T4	海事海商	法释〔2016〕4号	2016-03-01	4742	0	最高人民法院关于海事法院受理案件范围的规定	laws/content/司法解释/402881e45ffb5c4c015ffb932a8504c4.md	https://flk.npc.gov.cn/detail?id=402881e45ffb5c4c015ffb932a8504c4	402881e45ffb5c4c015ffb932a8504c4
T4_074_海事诉讼管辖问题的规定.md	T4	海事海商	法释〔2016〕2号	2016-03-01	1108	0	最高人民法院关于海事诉讼管辖问题的规定	laws/content/司法解释/402881e45ffb5c4c015ffb8fea430485.md	https://flk.npc.gov.cn/detail?id=402881e45ffb5c4c015ffb8fea430485	402881e45ffb5c4c015ffb8fea430485
T4_075_涉网络知识产权侵权纠纷几个法.md	T4	知产	法释〔2020〕9号	2020-09-14	834	0	最高人民法院关于涉网络知识产权侵权纠纷几个法律适用问题的批复	laws/content/司法解释/ff808081777d07c50177cda8bd0354b9.md	https://flk.npc.gov.cn/detail?id=ff808081777d07c50177cda8bd0354b9	ff808081777d07c50177cda8bd0354b9
T4_076_知识产权侵权诉讼中被告以原告.md	T4	知产	法释〔2021〕11号	2021-06-03	309	0	最高人民法院关于知识产权侵权诉讼中被告以原告滥用权利为由请求赔偿合理开支问题的批复	laws/content/司法解释/ff8081817b96962b017b9bb179d50c7e.md	https://flk.npc.gov.cn/detail?id=ff8081817b96962b017b9bb179d50c7e	ff8081817b96962b017b9bb179d50c7e
T4_077_知识产权法庭若干问题的规定.md	T4	知产		2023-11-01	1486	11	最高人民法院关于知识产权法庭若干问题的规定	laws/content/司法解释/ff8081818bd2739d018bf51a7bbd0145.md	https://flk.npc.gov.cn/detail?id=ff8081818bd2739d018bf51a7bbd0145	ff8081818bd2739d018bf51a7bbd0145
T4_078_破产企业国有划拨土地使用权应.md	T4	不动产		2021-01-01	812	0	最高人民法院关于破产企业国有划拨土地使用权应否列入破产财产等问题的批复	laws/content/司法解释/ff808181799df6140179abb37ad417fb.md	https://flk.npc.gov.cn/detail?id=ff808181799df6140179abb37ad417fb	ff808181799df6140179abb37ad417fb
T4_079_第一审知识产权民事行政案件管.md	T4	知产	法释〔2022〕13号	2022-05-01	904	6	最高人民法院关于第一审知识产权民事、行政案件管辖的若干规定	laws/content/司法解释/ff80818181cdceb30181d80b195040af.md	https://flk.npc.gov.cn/detail?id=ff80818181cdceb30181d80b195040af	ff80818181cdceb30181d80b195040af
T4_080_网络查询冻结被执行人存款的规.md	T4	数据与网络	法释〔2013〕20号	2013-09-02	1624	10	最高人民法院关于网络查询、冻结被执行人存款的规定	laws/content/司法解释/402881e46000e279016001c76ad10b2d.md	https://flk.npc.gov.cn/detail?id=402881e46000e279016001c76ad10b2d	402881e46000e279016001c76ad10b2d
T4_081_能否将国有土地使用权折价抵偿.md	T4	不动产	法释〔1998〕25号	1998-09-09	376	0	最高人民法院关于能否将国有土地使用权折价抵偿给抵押权人问题的批复	laws/content/司法解释/402881e46000e2790160015b2e3f02bf.md	https://flk.npc.gov.cn/detail?id=402881e46000e2790160015b2e3f02bf	402881e46000e2790160015b2e3f02bf
T4_082_违法的建筑物构筑物设施等强制.md	T4	不动产	法释〔2013〕5号	2013-04-03	354	0	最高人民法院关于违法的建筑物、构筑物、设施等强制拆除问题的批复	laws/content/司法解释/402881e45ffbbe41015ffc6061730b53.md	https://flk.npc.gov.cn/detail?id=402881e45ffbbe41015ffc6061730b53	402881e45ffbbe41015ffc6061730b53
T4_083_适用中华人民共和国国家赔偿法.md	T4	国家赔偿	法释〔2011〕4号	2011-03-18	1613	11	最高人民法院关于适用《中华人民共和国国家赔偿法》若干问题的解释（一）	laws/content/司法解释/402881e45ffbbe41015ffc5df8840b08.md	https://flk.npc.gov.cn/detail?id=402881e45ffbbe41015ffc5df8840b08	402881e45ffbbe41015ffc5df8840b08
T4_084_适用中华人民共和国海事诉讼特.md	T4	海事海商	法释〔2003〕3号	2003-02-01	8852	98	最高人民法院关于适用《中华人民共和国海事诉讼特别程序法》若干问题的解释	laws/content/司法解释/402881e46000e279016001ad832908ed.md	https://flk.npc.gov.cn/detail?id=402881e46000e279016001ad832908ed	402881e46000e279016001ad832908ed
T4_085_适用中华人民共和国海商法时间.md	T4	海事海商	法释〔2026〕8号	2026-05-01	1194	10	最高人民法院关于适用《中华人民共和国海商法》时间效力的若干规定	laws/content/司法解释/ff8081819e48b493019e5e6dc5a950e5.md	https://flk.npc.gov.cn/detail?id=ff8081819e48b493019e5e6dc5a950e5	ff8081819e48b493019e5e6dc5a950e5
T4_086_铁路运输法院案件管辖范围的若.md	T4	特别领域	法释〔2012〕10号	2012-08-01	1580	7	最高人民法院关于铁路运输法院案件管辖范围的若干规定	laws/content/司法解释/402881e46000e279016001c61ac10b0f.md	https://flk.npc.gov.cn/detail?id=402881e46000e279016001c61ac10b0f	402881e46000e279016001c61ac10b0f
T4_087_最高人民法院印发关于人民法院.md	T4	国家赔偿		1996-05-06	1291	0	最高人民法院印发《关于人民法院执行〈中华人民共和国国家赔偿法〉几个问题的解释》的通知	laws/content/司法解释/402881e45ffbbe41015ffc6b86450cca.md	https://flk.npc.gov.cn/detail?id=402881e45ffbbe41015ffc6b86450cca	402881e45ffbbe41015ffc6b86450cca
REF_01_全国民事审判工作会议纪要2011年.md	REF	会议纪要	2011-10-09		8579	0	全国民事审判工作会议纪要（2011年）	content/appendix/全国民事审判工作会议纪要（2011年）.md		
REF_02_第八次全国法院民事商事审判工作会议商.md	REF	会议纪要	2015-12-01		7594	0	第八次全国法院民事商事审判工作会议（商事部分）纪要【八民纪要】	content/appendix/全国法院民事商事审判工作会议纪要（2015年）-商事部分.md		
REF_03_第八次全国法院民事商事审判工作会议民.md	REF	会议纪要	2015-12-01		12500	0	第八次全国法院民事商事审判工作会议（民事部分）纪要【八民纪要】	content/appendix/全国法院民事商事审判工作会议纪要（2015年）-民事部分.md		
REF_04_全国法院民商事审判工作会议纪要201.md	REF	会议纪要			46844	0	全国法院民商事审判工作会议纪要（2019年）	content/appendix/全国法院民商事审判工作会议纪要（2019年）.md		
T4_901_关于修改最高人民法院最高人民.md	T4	2026补抓	法释〔2026〕17号	2026-08-15	1664	0	最高人民法院、最高人民检察院关于修改《最高人民法院、最高人民检察院关于办理海洋自然资源与生态环境公益诉讼案件若干问题的规定》等两件司法解释的决定	out/gap_docs/两高海洋公益诉讼修改决定2026.md	https://www.court.gov.cn/zixun/xiangqing/508011.html	
T4_902_修改最高人民法院关于审理船舶.md	T4	2026补抓	法释〔2026〕16号	2026-08-15	9286	0	最高人民法院关于修改《最高人民法院关于审理船舶油污损害赔偿纠纷案件若干问题的规定》等九件司法解释的决定	out/gap_docs/九件司法解释修改决定2026.md	https://www.court.gov.cn/fabu/xiangqing/508041.html	
T2_903_审理建设工程施工合同纠纷案件.md	T2	2026补抓	法释〔2026〕12号	2026-06-30	3601	0	最高人民法院关于审理建设工程施工合同纠纷案件适用法律问题的解释（二）	out/gap_docs/建工解释二2026.md	https://www.court.gov.cn/fabu/xiangqing/504221.html	
T2_904_事业单位工作人员脱产参加全日.md	T2	2026补抓	法释〔2026〕14号	2026-07-30	734	0	最高人民法院关于事业单位工作人员脱产参加全日制学历教育后违反服务期约定有关问题的批复	out/gap_docs/服务期批复2026.md	https://www.court.gov.cn/zixun/xiangqing/507301.html	
T1_905_民事案件案由规定2025年1.md	T1	2026补抓	法〔2025〕226号（修改决定）／法〔2025〕227号（印发通知）	2026-01-01	32174	0	民事案件案由规定（2025年12月第三次修正，重新印发）	out/gap_docs/案由规定2025修改.md	http://gongbao.court.gov.cn/Details/6e080417a462771fda862547ba4095.html	
T4_906_审理森林资源民事纠纷案件适用.md	T4	2026补抓	法释〔2022〕16号（法释〔2026〕16号修正）	2026-08-15	3421	0	最高人民法院关于审理森林资源民事纠纷案件适用法律若干问题的解释（2026修正）	out/gap_docs/森林资源民事纠纷2026修正.md	https://www.court.gov.cn/fabu/xiangqing/508041.html	
T2_907_审理涉及刑事犯罪的民事纠纷案.md	T2	2026补抓	法释〔2026〕19号	2026-09-22	4441	0	最高人民法院关于审理涉及刑事犯罪的民事纠纷案件若干问题的规定	out/gap_docs/民刑交叉规定2026.md	https://www.court.gov.cn/zixun/xiangqing/512441.html	
T4_908_关于办理海洋生态环境公益诉讼.md	T4	2026补抓	法释〔2022〕15号（法释〔2026〕17号修正）	2026-08-15	1070	0	最高人民法院、最高人民检察院关于办理海洋生态环境公益诉讼案件若干问题的规定（2026修正）	out/gap_docs/海洋生态环境公益诉讼规定2026修正.md	https://www.court.gov.cn/zixun/xiangqing/508011.html	
T4_909_审理海洋生态环境损害赔偿案件.md	T4	2026补抓	法释〔2017〕23号（法释〔2026〕16号修正）	2026-08-15	2279	0	最高人民法院关于审理海洋生态环境损害赔偿案件若干问题的规定（2026修正）	out/gap_docs/海洋生态环境损害赔偿2026修正.md	https://www.court.gov.cn/fabu/xiangqing/508041.html	
T4_910_审理生态环境侵权纠纷案件适用.md	T4	2026补抓	法释〔2022〕1号（法释〔2026〕16号修正）	2026-08-15	1703	0	最高人民法院关于审理生态环境侵权纠纷案件适用惩罚性赔偿的解释（2026修正）	out/gap_docs/生态环境侵权惩罚性赔偿2026修正.md	https://www.court.gov.cn/fabu/xiangqing/508041.html	
T4_911_生态环境侵权案件适用禁止令保.md	T4	2026补抓	法释〔2021〕22号（法释〔2026〕16号修正）	2026-08-15	4875	0	最高人民法院关于生态环境侵权案件适用禁止令保全措施的若干规定（2026修正）	out/gap_docs/生态环境侵权禁止令2026修正.md	https://www.court.gov.cn/fabu/xiangqing/508041.html	
T4_912_生态环境侵权民事诉讼证据的若.md	T4	2026补抓	法释〔2023〕6号（法释〔2026〕16号修正）	2026-08-15	4430	0	最高人民法院关于生态环境侵权民事诉讼证据的若干规定（2026修正）	out/gap_docs/生态环境侵权诉讼证据2026修正.md	https://www.court.gov.cn/fabu/xiangqing/508041.html	
T4_913_审理生态环境侵权责任纠纷案件.md	T4	2026补抓	法释〔2023〕5号（法释〔2026〕16号修正）	2026-08-15	3822	0	最高人民法院关于审理生态环境侵权责任纠纷案件适用法律若干问题的解释（2026修正）	out/gap_docs/生态环境侵权责任纠纷2026修正.md	https://www.court.gov.cn/fabu/xiangqing/508041.html	
T4_914_审理生态环境损害赔偿案件的若.md	T4	2026补抓	法释〔2019〕8号（法释〔2026〕16号修正）	2026-08-15	3052	0	最高人民法院关于审理生态环境损害赔偿案件的若干规定（试行）（2026修正）	out/gap_docs/生态环境损害赔偿若干规定试行2026修正.md	https://www.court.gov.cn/fabu/xiangqing/508041.html	
T4_915_审理生态环境民事公益诉讼案件.md	T4	2026补抓	法释〔2015〕1号（法释〔2026〕16号修正）	2026-08-15	4467	0	最高人民法院关于审理生态环境民事公益诉讼案件适用法律若干问题的解释（2026修正）	out/gap_docs/生态环境民事公益诉讼2026修正.md	https://www.court.gov.cn/fabu/xiangqing/508041.html	
T4_916_适用中华人民共和国生态环境法.md	T4	2026补抓	法释〔2026〕15号	2026-08-15	2087	0	最高人民法院关于适用《中华人民共和国生态环境法典》时间效力的若干规定	out/gap_docs/生态环境法典时间效力2026.md	http://fy.hj.gov.cn/llyj/art/2026/art_2b778c99c30d4e81adc098707f4a75a4.html	
T4_917_审理船舶油污损害赔偿纠纷案件.md	T4	2026补抓	法释〔2011〕14号（法释〔2026〕16号修正）	2026-08-15	4689	0	最高人民法院关于审理船舶油污损害赔偿纠纷案件若干问题的规定（2026修正）	out/gap_docs/船舶油污损害赔偿2026修正.md	https://www.court.gov.cn/fabu/xiangqing/508041.html	
T4_918_审理著作权民事纠纷案件适用法.md	T4	2026补抓	法释〔2002〕31号（法释〔2026〕18号第二次修正）	2026-09-01	3268	0	最高人民法院关于审理著作权民事纠纷案件适用法律若干问题的解释（2026修正）	out/gap_docs/著作权民事纠纷解释2026修正.md	https://www.court.gov.cn/zixun/xiangqing/509271.html	
T4_919_修改最高人民法院关于审理著作.md	T4	2026补抓	法释〔2026〕18号	2026-09-01	1637	0	最高人民法院关于修改《最高人民法院关于审理著作权民事纠纷案件适用法律若干问题的解释》的决定	out/gap_docs/著作权解释修改决定2026.md	https://www.court.gov.cn/zixun/xiangqing/509271.html	
