no	label	part	chapter	cited_times	cited_docs	cited_by
1	第一条	第一编总则	第一章基本规定	0	0	
2	第二条	第一编总则	第一章基本规定	0	0	
3	第三条	第一编总则	第一章基本规定	0	0	
4	第四条	第一编总则	第一章基本规定	0	0	
5	第五条	第一编总则	第一章基本规定	0	0	
6	第六条	第一编总则	第一章基本规定	0	0	
7	第七条	第一编总则	第一章基本规定	0	0	
8	第八条	第一编总则	第一章基本规定	0	0	
9	第九条	第一编总则	第一章基本规定	0	0	
10	第十条	第一编总则	第一章基本规定	1	1	T1_004_适用中华人民共和国民法典总则.md
11	第十一条	第一编总则	第一章基本规定	0	0	
12	第十二条	第一编总则	第一章基本规定	0	0	
13	第十三条	第一编总则	第二章自然人	0	0	
14	第十四条	第一编总则	第二章自然人	0	0	
15	第十五条	第一编总则	第二章自然人	0	0	
16	第十六条	第一编总则	第二章自然人	0	0	
17	第十七条	第一编总则	第二章自然人	0	0	
18	第十八条	第一编总则	第二章自然人	0	0	
19	第十九条	第一编总则	第二章自然人	0	0	
20	第二十条	第一编总则	第二章自然人	0	0	
21	第二十一条	第一编总则	第二章自然人	0	0	
22	第二十二条	第一编总则	第二章自然人	0	0	
23	第二十三条	第一编总则	第二章自然人	0	0	
24	第二十四条	第一编总则	第二章自然人	0	0	
25	第二十五条	第一编总则	第二章自然人	0	0	
26	第二十六条	第一编总则	第二章自然人	0	0	
27	第二十七条	第一编总则	第二章自然人	5	3	T1_004_适用中华人民共和国民法典总则.md;T1_005_适用中华人民共和国民法典侵权.md;T3_001_适用中华人民共和国民事诉讼法.md
28	第二十八条	第一编总则	第二章自然人	0	0	
29	第二十九条	第一编总则	第二章自然人	0	0	
30	第三十条	第一编总则	第二章自然人	1	1	T1_004_适用中华人民共和国民法典总则.md
31	第三十一条	第一编总则	第二章自然人	2	2	T1_004_适用中华人民共和国民法典总则.md;T3_001_适用中华人民共和国民事诉讼法.md
32	第三十二条	第一编总则	第二章自然人	1	1	T3_001_适用中华人民共和国民事诉讼法.md
33	第三十三条	第一编总则	第二章自然人	1	1	T1_004_适用中华人民共和国民法典总则.md
34	第三十四条	第一编总则	第二章自然人	0	0	
35	第三十五条	第一编总则	第二章自然人	1	1	T1_006_适用中华人民共和国民法典婚姻.md
36	第三十六条	第一编总则	第二章自然人	2	2	T1_003_适用中华人民共和国民法典婚姻.md;T1_004_适用中华人民共和国民法典总则.md
37	第三十七条	第一编总则	第二章自然人	0	0	
38	第三十八条	第一编总则	第二章自然人	0	0	
39	第三十九条	第一编总则	第二章自然人	1	1	T1_004_适用中华人民共和国民法典总则.md
40	第四十条	第一编总则	第二章自然人	1	1	T1_004_适用中华人民共和国民法典总则.md
41	第四十一条	第一编总则	第二章自然人	0	0	
42	第四十二条	第一编总则	第二章自然人	1	1	T3_001_适用中华人民共和国民事诉讼法.md
43	第四十三条	第一编总则	第二章自然人	0	0	
44	第四十四条	第一编总则	第二章自然人	0	0	
45	第四十五条	第一编总则	第二章自然人	0	0	
46	第四十六条	第一编总则	第二章自然人	2	1	T1_004_适用中华人民共和国民法典总则.md
47	第四十七条	第一编总则	第二章自然人	0	0	
48	第四十八条	第一编总则	第二章自然人	1	1	T1_009_适用中华人民共和国民法典继承.md
49	第四十九条	第一编总则	第二章自然人	0	0	
50	第五十条	第一编总则	第二章自然人	0	0	
51	第五十一条	第一编总则	第二章自然人	0	0	
52	第五十二条	第一编总则	第二章自然人	0	0	
53	第五十三条	第一编总则	第二章自然人	0	0	
54	第五十四条	第一编总则	第二章自然人	0	0	
55	第五十五条	第一编总则	第二章自然人	0	0	
56	第五十六条	第一编总则	第二章自然人	0	0	
57	第五十七条	第一编总则	第三章法人	0	0	
58	第五十八条	第一编总则	第三章法人	0	0	
59	第五十九条	第一编总则	第三章法人	0	0	
60	第六十条	第一编总则	第三章法人	0	0	
61	第六十一条	第一编总则	第三章法人	1	1	T1_008_适用中华人民共和国民法典有关.md
62	第六十二条	第一编总则	第三章法人	0	0	
63	第六十三条	第一编总则	第三章法人	0	0	
64	第六十四条	第一编总则	第三章法人	0	0	
65	第六十五条	第一编总则	第三章法人	0	0	
66	第六十六条	第一编总则	第三章法人	0	0	
67	第六十七条	第一编总则	第三章法人	0	0	
68	第六十八条	第一编总则	第三章法人	0	0	
69	第六十九条	第一编总则	第三章法人	0	0	
70	第七十条	第一编总则	第三章法人	2	1	T2_025_适用中华人民共和国公司法若干.md
71	第七十一条	第一编总则	第三章法人	0	0	
72	第七十二条	第一编总则	第三章法人	0	0	
73	第七十三条	第一编总则	第三章法人	0	0	
74	第七十四条	第一编总则	第三章法人	0	0	
75	第七十五条	第一编总则	第三章法人	0	0	
76	第七十六条	第一编总则	第三章法人	0	0	
77	第七十七条	第一编总则	第三章法人	0	0	
78	第七十八条	第一编总则	第三章法人	0	0	
79	第七十九条	第一编总则	第三章法人	0	0	
80	第八十条	第一编总则	第三章法人	0	0	
81	第八十一条	第一编总则	第三章法人	0	0	
82	第八十二条	第一编总则	第三章法人	0	0	
83	第八十三条	第一编总则	第三章法人	0	0	
84	第八十四条	第一编总则	第三章法人	1	1	T2_026_适用中华人民共和国公司法若干.md
85	第八十五条	第一编总则	第三章法人	3	2	T2_026_适用中华人民共和国公司法若干.md;T2_027_适用中华人民共和国公司法若干.md
86	第八十六条	第一编总则	第三章法人	0	0	
87	第八十七条	第一编总则	第三章法人	0	0	
88	第八十八条	第一编总则	第三章法人	0	0	
89	第八十九条	第一编总则	第三章法人	0	0	
90	第九十条	第一编总则	第三章法人	0	0	
91	第九十一条	第一编总则	第三章法人	0	0	
92	第九十二条	第一编总则	第三章法人	0	0	
93	第九十三条	第一编总则	第三章法人	0	0	
94	第九十四条	第一编总则	第三章法人	0	0	
95	第九十五条	第一编总则	第三章法人	0	0	
96	第九十六条	第一编总则	第三章法人	0	0	
97	第九十七条	第一编总则	第三章法人	0	0	
98	第九十八条	第一编总则	第三章法人	0	0	
99	第九十九条	第一编总则	第三章法人	0	0	
100	第一百条	第一编总则	第三章法人	0	0	
101	第一百零一条	第一编总则	第三章法人	0	0	
102	第一百零二条	第一编总则	第四章非法人组织	0	0	
103	第一百零三条	第一编总则	第四章非法人组织	0	0	
104	第一百零四条	第一编总则	第四章非法人组织	0	0	
105	第一百零五条	第一编总则	第四章非法人组织	0	0	
106	第一百零六条	第一编总则	第四章非法人组织	0	0	
107	第一百零七条	第一编总则	第四章非法人组织	0	0	
108	第一百零八条	第一编总则	第四章非法人组织	0	0	
109	第一百零九条	第一编总则	第五章民事权利	0	0	
110	第一百一十条	第一编总则	第五章民事权利	0	0	
111	第一百一十一条	第一编总则	第五章民事权利	0	0	
112	第一百一十二条	第一编总则	第五章民事权利	0	0	
113	第一百一十三条	第一编总则	第五章民事权利	0	0	
114	第一百一十四条	第一编总则	第五章民事权利	0	0	
115	第一百一十五条	第一编总则	第五章民事权利	0	0	
116	第一百一十六条	第一编总则	第五章民事权利	0	0	
117	第一百一十七条	第一编总则	第五章民事权利	0	0	
118	第一百一十八条	第一编总则	第五章民事权利	0	0	
119	第一百一十九条	第一编总则	第五章民事权利	0	0	
120	第一百二十条	第一编总则	第五章民事权利	0	0	
121	第一百二十一条	第一编总则	第五章民事权利	0	0	
122	第一百二十二条	第一编总则	第五章民事权利	0	0	
123	第一百二十三条	第一编总则	第五章民事权利	0	0	
124	第一百二十四条	第一编总则	第五章民事权利	0	0	
125	第一百二十五条	第一编总则	第五章民事权利	0	0	
126	第一百二十六条	第一编总则	第五章民事权利	0	0	
127	第一百二十七条	第一编总则	第五章民事权利	0	0	
128	第一百二十八条	第一编总则	第五章民事权利	0	0	
129	第一百二十九条	第一编总则	第五章民事权利	0	0	
130	第一百三十条	第一编总则	第五章民事权利	0	0	
131	第一百三十一条	第一编总则	第五章民事权利	0	0	
132	第一百三十二条	第一编总则	第五章民事权利	1	1	T1_004_适用中华人民共和国民法典总则.md
133	第一百三十三条	第一编总则	第六章民事法律行为	0	0	
134	第一百三十四条	第一编总则	第六章民事法律行为	0	0	
135	第一百三十五条	第一编总则	第六章民事法律行为	1	1	T1_004_适用中华人民共和国民法典总则.md
136	第一百三十六条	第一编总则	第六章民事法律行为	0	0	
137	第一百三十七条	第一编总则	第六章民事法律行为	1	1	T1_004_适用中华人民共和国民法典总则.md
138	第一百三十八条	第一编总则	第六章民事法律行为	0	0	
139	第一百三十九条	第一编总则	第六章民事法律行为	0	0	
140	第一百四十条	第一编总则	第六章民事法律行为	0	0	
141	第一百四十一条	第一编总则	第六章民事法律行为	0	0	
142	第一百四十二条	第一编总则	第六章民事法律行为	1	1	T1_002_适用中华人民共和国民法典合同.md
143	第一百四十三条	第一编总则	第六章民事法律行为	0	0	
144	第一百四十四条	第一编总则	第六章民事法律行为	2	1	T2_011_审理民间借贷案件适用法律若干.md
145	第一百四十五条	第一编总则	第六章民事法律行为	1	1	T1_004_适用中华人民共和国民法典总则.md
146	第一百四十六条	第一编总则	第六章民事法律行为	2	2	T1_008_适用中华人民共和国民法典有关.md;T2_011_审理民间借贷案件适用法律若干.md
147	第一百四十七条	第一编总则	第六章民事法律行为	1	1	T1_004_适用中华人民共和国民法典总则.md
148	第一百四十八条	第一编总则	第六章民事法律行为	2	2	T1_004_适用中华人民共和国民法典总则.md;T2_001_审理技术合同纠纷案件适用法律.md
149	第一百四十九条	第一编总则	第六章民事法律行为	0	0	
150	第一百五十条	第一编总则	第六章民事法律行为	1	1	T1_004_适用中华人民共和国民法典总则.md
151	第一百五十一条	第一编总则	第六章民事法律行为	1	1	T1_002_适用中华人民共和国民法典合同.md
152	第一百五十二条	第一编总则	第六章民事法律行为	1	1	T1_003_适用中华人民共和国民法典婚姻.md
153	第一百五十三条	第一编总则	第六章民事法律行为	7	5	T1_002_适用中华人民共和国民法典合同.md;T2_006_审理建设工程施工合同纠纷案件.md;T4_002_审理森林资源民事纠纷案件适用.md;T4_004_审理垄断民事纠纷案件适用法律.md;T4_906_审理森林资源民事纠纷案件适用.md
154	第一百五十四条	第一编总则	第六章民事法律行为	1	1	T2_907_审理涉及刑事犯罪的民事纠纷案.md
155	第一百五十五条	第一编总则	第六章民事法律行为	0	0	
156	第一百五十六条	第一编总则	第六章民事法律行为	0	0	
157	第一百五十七条	第一编总则	第六章民事法律行为	9	6	T1_002_适用中华人民共和国民法典合同.md;T1_004_适用中华人民共和国民法典总则.md;T1_006_适用中华人民共和国民法典婚姻.md;T2_009_审理城镇房屋租赁合同纠纷案件.md;T2_013_审理预付式消费民事纠纷案件适.md;T2_907_审理涉及刑事犯罪的民事纠纷案.md
158	第一百五十八条	第一编总则	第六章民事法律行为	0	0	
159	第一百五十九条	第一编总则	第六章民事法律行为	0	0	
160	第一百六十条	第一编总则	第六章民事法律行为	0	0	
161	第一百六十一条	第一编总则	第七章代理	0	0	
162	第一百六十二条	第一编总则	第七章代理	0	0	
163	第一百六十三条	第一编总则	第七章代理	0	0	
164	第一百六十四条	第一编总则	第七章代理	0	0	
165	第一百六十五条	第一编总则	第七章代理	0	0	
166	第一百六十六条	第一编总则	第七章代理	0	0	
167	第一百六十七条	第一编总则	第七章代理	0	0	
168	第一百六十八条	第一编总则	第七章代理	0	0	
169	第一百六十九条	第一编总则	第七章代理	1	1	T1_004_适用中华人民共和国民法典总则.md
170	第一百七十条	第一编总则	第七章代理	0	0	
171	第一百七十一条	第一编总则	第七章代理	1	1	T1_004_适用中华人民共和国民法典总则.md
172	第一百七十二条	第一编总则	第七章代理	6	5	T1_002_适用中华人民共和国民法典合同.md;T1_004_适用中华人民共和国民法典总则.md;T2_010_审理期货纠纷案件若干问题的规.md;T2_903_审理建设工程施工合同纠纷案件.md;T4_013_审理海上货运代理纠纷案件若干.md
173	第一百七十三条	第一编总则	第七章代理	0	0	
174	第一百七十四条	第一编总则	第七章代理	0	0	
175	第一百七十五条	第一编总则	第七章代理	0	0	
176	第一百七十六条	第一编总则	第八章民事责任	0	0	
177	第一百七十七条	第一编总则	第八章民事责任	0	0	
178	第一百七十八条	第一编总则	第八章民事责任	3	3	T2_022_审理证券市场虚假陈述侵权民事.md;T4_003_审理生态环境侵权责任纠纷案件.md;T4_913_审理生态环境侵权责任纠纷案件.md
179	第一百七十九条	第一编总则	第八章民事责任	2	2	T4_009_审理侵害植物新品种权纠纷案件.md;T4_011_审理商标民事纠纷案件适用法律.md
180	第一百八十条	第一编总则	第八章民事责任	0	0	
181	第一百八十一条	第一编总则	第八章民事责任	1	1	T1_004_适用中华人民共和国民法典总则.md
182	第一百八十二条	第一编总则	第八章民事责任	1	1	T1_004_适用中华人民共和国民法典总则.md
183	第一百八十三条	第一编总则	第八章民事责任	1	1	T1_004_适用中华人民共和国民法典总则.md
184	第一百八十四条	第一编总则	第八章民事责任	0	0	
185	第一百八十五条	第一编总则	第八章民事责任	1	1	T1_001_适用中华人民共和国民法典时间.md
186	第一百八十六条	第一编总则	第八章民事责任	2	2	T4_007_审理著作权民事纠纷案件适用法.md;T4_918_审理著作权民事纠纷案件适用法.md
187	第一百八十七条	第一编总则	第八章民事责任	0	0	
188	第一百八十八条	第一编总则	第九章诉讼时效	4	3	T1_004_适用中华人民共和国民法典总则.md;T4_008_在民事审判工作中适用中华人民.md;T4_916_适用中华人民共和国生态环境法.md
189	第一百八十九条	第一编总则	第九章诉讼时效	0	0	
190	第一百九十条	第一编总则	第九章诉讼时效	0	0	
191	第一百九十一条	第一编总则	第九章诉讼时效	0	0	
192	第一百九十二条	第一编总则	第九章诉讼时效	0	0	
193	第一百九十三条	第一编总则	第九章诉讼时效	0	0	
194	第一百九十四条	第一编总则	第九章诉讼时效	0	0	
195	第一百九十五条	第一编总则	第九章诉讼时效	3	2	T1_004_适用中华人民共和国民法典总则.md;T1_010_审理民事案件适用诉讼时效制度.md
196	第一百九十六条	第一编总则	第九章诉讼时效	0	0	
197	第一百九十七条	第一编总则	第九章诉讼时效	0	0	
198	第一百九十八条	第一编总则	第九章诉讼时效	0	0	
199	第一百九十九条	第一编总则	第九章诉讼时效	0	0	
200	第二百条	第一编总则	第十章期间计算	0	0	
201	第二百零一条	第一编总则	第十章期间计算	0	0	
202	第二百零二条	第一编总则	第十章期间计算	0	0	
203	第二百零三条	第一编总则	第十章期间计算	0	0	
204	第二百零四条	第一编总则	第十章期间计算	0	0	
205	第二百零五条	第二编物权	第一章一般规定	0	0	
206	第二百零六条	第二编物权	第一章一般规定	0	0	
207	第二百零七条	第二编物权	第一章一般规定	0	0	
208	第二百零八条	第二编物权	第一章一般规定	0	0	
209	第二百零九条	第二编物权	第二章物权的设立、变更、转让和消灭	0	0	
210	第二百一十条	第二编物权	第二章物权的设立、变更、转让和消灭	0	0	
211	第二百一十一条	第二编物权	第二章物权的设立、变更、转让和消灭	0	0	
212	第二百一十二条	第二编物权	第二章物权的设立、变更、转让和消灭	0	0	
213	第二百一十三条	第二编物权	第二章物权的设立、变更、转让和消灭	0	0	
214	第二百一十四条	第二编物权	第二章物权的设立、变更、转让和消灭	0	0	
215	第二百一十五条	第二编物权	第二章物权的设立、变更、转让和消灭	0	0	
216	第二百一十六条	第二编物权	第二章物权的设立、变更、转让和消灭	0	0	
217	第二百一十七条	第二编物权	第二章物权的设立、变更、转让和消灭	0	0	
218	第二百一十八条	第二编物权	第二章物权的设立、变更、转让和消灭	0	0	
219	第二百一十九条	第二编物权	第二章物权的设立、变更、转让和消灭	0	0	
220	第二百二十条	第二编物权	第二章物权的设立、变更、转让和消灭	1	1	T1_007_适用中华人民共和国民法典物权.md
221	第二百二十一条	第二编物权	第二章物权的设立、变更、转让和消灭	2	1	T1_007_适用中华人民共和国民法典物权.md
222	第二百二十二条	第二编物权	第二章物权的设立、变更、转让和消灭	0	0	
223	第二百二十三条	第二编物权	第二章物权的设立、变更、转让和消灭	0	0	
224	第二百二十四条	第二编物权	第二章物权的设立、变更、转让和消灭	0	0	
225	第二百二十五条	第二编物权	第二章物权的设立、变更、转让和消灭	2	1	T1_007_适用中华人民共和国民法典物权.md
226	第二百二十六条	第二编物权	第二章物权的设立、变更、转让和消灭	1	1	T1_007_适用中华人民共和国民法典物权.md
227	第二百二十七条	第二编物权	第二章物权的设立、变更、转让和消灭	1	1	T1_007_适用中华人民共和国民法典物权.md
228	第二百二十八条	第二编物权	第二章物权的设立、变更、转让和消灭	0	0	
229	第二百二十九条	第二编物权	第二章物权的设立、变更、转让和消灭	3	2	T1_007_适用中华人民共和国民法典物权.md;T4_001_审理建筑物区分所有权纠纷案件.md
230	第二百三十条	第二编物权	第二章物权的设立、变更、转让和消灭	0	0	
231	第二百三十一条	第二编物权	第二章物权的设立、变更、转让和消灭	0	0	
232	第二百三十二条	第二编物权	第二章物权的设立、变更、转让和消灭	0	0	
233	第二百三十三条	第二编物权	第三章物权的保护	0	0	
234	第二百三十四条	第二编物权	第三章物权的保护	3	3	T3_002_审理执行异议之诉案件适用法律.md;T4_002_审理森林资源民事纠纷案件适用.md;T4_906_审理森林资源民事纠纷案件适用.md
235	第二百三十五条	第二编物权	第三章物权的保护	1	1	T1_007_适用中华人民共和国民法典物权.md
236	第二百三十六条	第二编物权	第三章物权的保护	0	0	
237	第二百三十七条	第二编物权	第三章物权的保护	0	0	
238	第二百三十八条	第二编物权	第三章物权的保护	0	0	
239	第二百三十九条	第二编物权	第三章物权的保护	0	0	
240	第二百四十条	第二编物权	第四章一般规定	0	0	
241	第二百四十一条	第二编物权	第四章一般规定	0	0	
242	第二百四十二条	第二编物权	第四章一般规定	0	0	
243	第二百四十三条	第二编物权	第四章一般规定	0	0	
244	第二百四十四条	第二编物权	第四章一般规定	0	0	
245	第二百四十五条	第二编物权	第四章一般规定	0	0	
246	第二百四十六条	第二编物权	第五章国家所有权和集体所有权、私人所有权	0	0	
247	第二百四十七条	第二编物权	第五章国家所有权和集体所有权、私人所有权	0	0	
248	第二百四十八条	第二编物权	第五章国家所有权和集体所有权、私人所有权	0	0	
249	第二百四十九条	第二编物权	第五章国家所有权和集体所有权、私人所有权	0	0	
250	第二百五十条	第二编物权	第五章国家所有权和集体所有权、私人所有权	0	0	
251	第二百五十一条	第二编物权	第五章国家所有权和集体所有权、私人所有权	0	0	
252	第二百五十二条	第二编物权	第五章国家所有权和集体所有权、私人所有权	0	0	
253	第二百五十三条	第二编物权	第五章国家所有权和集体所有权、私人所有权	0	0	
254	第二百五十四条	第二编物权	第五章国家所有权和集体所有权、私人所有权	0	0	
255	第二百五十五条	第二编物权	第五章国家所有权和集体所有权、私人所有权	0	0	
256	第二百五十六条	第二编物权	第五章国家所有权和集体所有权、私人所有权	0	0	
257	第二百五十七条	第二编物权	第五章国家所有权和集体所有权、私人所有权	0	0	
258	第二百五十八条	第二编物权	第五章国家所有权和集体所有权、私人所有权	0	0	
259	第二百五十九条	第二编物权	第五章国家所有权和集体所有权、私人所有权	0	0	
260	第二百六十条	第二编物权	第五章国家所有权和集体所有权、私人所有权	0	0	
261	第二百六十一条	第二编物权	第五章国家所有权和集体所有权、私人所有权	0	0	
262	第二百六十二条	第二编物权	第五章国家所有权和集体所有权、私人所有权	0	0	
263	第二百六十三条	第二编物权	第五章国家所有权和集体所有权、私人所有权	0	0	
264	第二百六十四条	第二编物权	第五章国家所有权和集体所有权、私人所有权	0	0	
265	第二百六十五条	第二编物权	第五章国家所有权和集体所有权、私人所有权	0	0	
266	第二百六十六条	第二编物权	第五章国家所有权和集体所有权、私人所有权	0	0	
267	第二百六十七条	第二编物权	第五章国家所有权和集体所有权、私人所有权	0	0	
268	第二百六十八条	第二编物权	第五章国家所有权和集体所有权、私人所有权	0	0	
269	第二百六十九条	第二编物权	第五章国家所有权和集体所有权、私人所有权	0	0	
270	第二百七十条	第二编物权	第五章国家所有权和集体所有权、私人所有权	0	0	
271	第二百七十一条	第二编物权	第六章业主的建筑物区分所有权	0	0	
272	第二百七十二条	第二编物权	第六章业主的建筑物区分所有权	0	0	
273	第二百七十三条	第二编物权	第六章业主的建筑物区分所有权	0	0	
274	第二百七十四条	第二编物权	第六章业主的建筑物区分所有权	0	0	
275	第二百七十五条	第二编物权	第六章业主的建筑物区分所有权	1	1	T4_001_审理建筑物区分所有权纠纷案件.md
276	第二百七十六条	第二编物权	第六章业主的建筑物区分所有权	1	1	T4_001_审理建筑物区分所有权纠纷案件.md
277	第二百七十七条	第二编物权	第六章业主的建筑物区分所有权	0	0	
278	第二百七十八条	第二编物权	第六章业主的建筑物区分所有权	3	1	T4_001_审理建筑物区分所有权纠纷案件.md
279	第二百七十九条	第二编物权	第六章业主的建筑物区分所有权	2	1	T4_001_审理建筑物区分所有权纠纷案件.md
280	第二百八十条	第二编物权	第六章业主的建筑物区分所有权	1	1	T4_001_审理建筑物区分所有权纠纷案件.md
281	第二百八十一条	第二编物权	第六章业主的建筑物区分所有权	0	0	
282	第二百八十二条	第二编物权	第六章业主的建筑物区分所有权	0	0	
283	第二百八十三条	第二编物权	第六章业主的建筑物区分所有权	0	0	
284	第二百八十四条	第二编物权	第六章业主的建筑物区分所有权	0	0	
285	第二百八十五条	第二编物权	第六章业主的建筑物区分所有权	0	0	
286	第二百八十六条	第二编物权	第六章业主的建筑物区分所有权	1	1	T4_001_审理建筑物区分所有权纠纷案件.md
287	第二百八十七条	第二编物权	第六章业主的建筑物区分所有权	0	0	
288	第二百八十八条	第二编物权	第七章相邻关系	0	0	
289	第二百八十九条	第二编物权	第七章相邻关系	0	0	
290	第二百九十条	第二编物权	第七章相邻关系	0	0	
291	第二百九十一条	第二编物权	第七章相邻关系	0	0	
292	第二百九十二条	第二编物权	第七章相邻关系	0	0	
293	第二百九十三条	第二编物权	第七章相邻关系	0	0	
294	第二百九十四条	第二编物权	第七章相邻关系	0	0	
295	第二百九十五条	第二编物权	第七章相邻关系	0	0	
296	第二百九十六条	第二编物权	第七章相邻关系	0	0	
297	第二百九十七条	第二编物权	第八章共有	0	0	
298	第二百九十八条	第二编物权	第八章共有	0	0	
299	第二百九十九条	第二编物权	第八章共有	0	0	
300	第三百条	第二编物权	第八章共有	0	0	
301	第三百零一条	第二编物权	第八章共有	0	0	
302	第三百零二条	第二编物权	第八章共有	0	0	
303	第三百零三条	第二编物权	第八章共有	1	1	T2_008_适用中华人民共和国企业破产法.md
304	第三百零四条	第二编物权	第八章共有	0	0	
305	第三百零五条	第二编物权	第八章共有	2	1	T1_007_适用中华人民共和国民法典物权.md
306	第三百零六条	第二编物权	第八章共有	0	0	
307	第三百零七条	第二编物权	第八章共有	0	0	
308	第三百零八条	第二编物权	第八章共有	0	0	
309	第三百零九条	第二编物权	第八章共有	0	0	
310	第三百一十条	第二编物权	第八章共有	0	0	
311	第三百一十一条	第二编物权	第九章所有权取得的特别规定	14	8	T1_002_适用中华人民共和国民法典合同.md;T1_007_适用中华人民共和国民法典物权.md;T1_008_适用中华人民共和国民法典有关.md;T2_002_审理买卖合同纠纷案件适用法律.md;T2_008_适用中华人民共和国企业破产法.md;T2_015_适用中华人民共和国公司法若干.md;T4_002_审理森林资源民事纠纷案件适用.md;T4_906_审理森林资源民事纠纷案件适用.md
312	第三百一十二条	第二编物权	第九章所有权取得的特别规定	0	0	
313	第三百一十三条	第二编物权	第九章所有权取得的特别规定	0	0	
314	第三百一十四条	第二编物权	第九章所有权取得的特别规定	0	0	
315	第三百一十五条	第二编物权	第九章所有权取得的特别规定	0	0	
316	第三百一十六条	第二编物权	第九章所有权取得的特别规定	0	0	
317	第三百一十七条	第二编物权	第九章所有权取得的特别规定	0	0	
318	第三百一十八条	第二编物权	第九章所有权取得的特别规定	0	0	
319	第三百一十九条	第二编物权	第九章所有权取得的特别规定	0	0	
320	第三百二十条	第二编物权	第九章所有权取得的特别规定	0	0	
321	第三百二十一条	第二编物权	第九章所有权取得的特别规定	0	0	
322	第三百二十二条	第二编物权	第九章所有权取得的特别规定	0	0	
323	第三百二十三条	第二编物权	第十章一般规定	0	0	
324	第三百二十四条	第二编物权	第十章一般规定	0	0	
325	第三百二十五条	第二编物权	第十章一般规定	0	0	
326	第三百二十六条	第二编物权	第十章一般规定	0	0	
327	第三百二十七条	第二编物权	第十章一般规定	0	0	
328	第三百二十八条	第二编物权	第十章一般规定	0	0	
329	第三百二十九条	第二编物权	第十章一般规定	0	0	
330	第三百三十条	第二编物权	第十一章土地承包经营权	0	0	
331	第三百三十一条	第二编物权	第十一章土地承包经营权	0	0	
332	第三百三十二条	第二编物权	第十一章土地承包经营权	0	0	
333	第三百三十三条	第二编物权	第十一章土地承包经营权	0	0	
334	第三百三十四条	第二编物权	第十一章土地承包经营权	0	0	
335	第三百三十五条	第二编物权	第十一章土地承包经营权	0	0	
336	第三百三十六条	第二编物权	第十一章土地承包经营权	0	0	
337	第三百三十七条	第二编物权	第十一章土地承包经营权	0	0	
338	第三百三十八条	第二编物权	第十一章土地承包经营权	0	0	
339	第三百三十九条	第二编物权	第十一章土地承包经营权	0	0	
340	第三百四十条	第二编物权	第十一章土地承包经营权	0	0	
341	第三百四十一条	第二编物权	第十一章土地承包经营权	0	0	
342	第三百四十二条	第二编物权	第十一章土地承包经营权	0	0	
343	第三百四十三条	第二编物权	第十一章土地承包经营权	0	0	
344	第三百四十四条	第二编物权	第十二章建设用地使用权	0	0	
345	第三百四十五条	第二编物权	第十二章建设用地使用权	0	0	
346	第三百四十六条	第二编物权	第十二章建设用地使用权	0	0	
347	第三百四十七条	第二编物权	第十二章建设用地使用权	0	0	
348	第三百四十八条	第二编物权	第十二章建设用地使用权	0	0	
349	第三百四十九条	第二编物权	第十二章建设用地使用权	0	0	
350	第三百五十条	第二编物权	第十二章建设用地使用权	0	0	
351	第三百五十一条	第二编物权	第十二章建设用地使用权	0	0	
352	第三百五十二条	第二编物权	第十二章建设用地使用权	0	0	
353	第三百五十三条	第二编物权	第十二章建设用地使用权	0	0	
354	第三百五十四条	第二编物权	第十二章建设用地使用权	0	0	
355	第三百五十五条	第二编物权	第十二章建设用地使用权	0	0	
356	第三百五十六条	第二编物权	第十二章建设用地使用权	0	0	
357	第三百五十七条	第二编物权	第十二章建设用地使用权	0	0	
358	第三百五十八条	第二编物权	第十二章建设用地使用权	0	0	
359	第三百五十九条	第二编物权	第十二章建设用地使用权	0	0	
360	第三百六十条	第二编物权	第十二章建设用地使用权	0	0	
361	第三百六十一条	第二编物权	第十二章建设用地使用权	0	0	
362	第三百六十二条	第二编物权	第十三章宅基地使用权	0	0	
363	第三百六十三条	第二编物权	第十三章宅基地使用权	0	0	
364	第三百六十四条	第二编物权	第十三章宅基地使用权	0	0	
365	第三百六十五条	第二编物权	第十三章宅基地使用权	0	0	
366	第三百六十六条	第二编物权	第十四章居住权	0	0	
367	第三百六十七条	第二编物权	第十四章居住权	0	0	
368	第三百六十八条	第二编物权	第十四章居住权	0	0	
369	第三百六十九条	第二编物权	第十四章居住权	0	0	
370	第三百七十条	第二编物权	第十四章居住权	0	0	
371	第三百七十一条	第二编物权	第十四章居住权	0	0	
372	第三百七十二条	第二编物权	第十五章地役权	0	0	
373	第三百七十三条	第二编物权	第十五章地役权	0	0	
374	第三百七十四条	第二编物权	第十五章地役权	0	0	
375	第三百七十五条	第二编物权	第十五章地役权	0	0	
376	第三百七十六条	第二编物权	第十五章地役权	0	0	
377	第三百七十七条	第二编物权	第十五章地役权	0	0	
378	第三百七十八条	第二编物权	第十五章地役权	0	0	
379	第三百七十九条	第二编物权	第十五章地役权	0	0	
380	第三百八十条	第二编物权	第十五章地役权	0	0	
381	第三百八十一条	第二编物权	第十五章地役权	0	0	
382	第三百八十二条	第二编物权	第十五章地役权	0	0	
383	第三百八十三条	第二编物权	第十五章地役权	0	0	
384	第三百八十四条	第二编物权	第十五章地役权	0	0	
385	第三百八十五条	第二编物权	第十五章地役权	0	0	
386	第三百八十六条	第二编物权	第十六章一般规定	0	0	
387	第三百八十七条	第二编物权	第十六章一般规定	0	0	
388	第三百八十八条	第二编物权	第十六章一般规定	0	0	
389	第三百八十九条	第二编物权	第十六章一般规定	0	0	
390	第三百九十条	第二编物权	第十六章一般规定	0	0	
391	第三百九十一条	第二编物权	第十六章一般规定	0	0	
392	第三百九十二条	第二编物权	第十六章一般规定	1	1	T3_001_适用中华人民共和国民事诉讼法.md
393	第三百九十三条	第二编物权	第十六章一般规定	0	0	
394	第三百九十四条	第二编物权	第十七章抵押权	0	0	
395	第三百九十五条	第二编物权	第十七章抵押权	0	0	
396	第三百九十六条	第二编物权	第十七章抵押权	0	0	
397	第三百九十七条	第二编物权	第十七章抵押权	0	0	
398	第三百九十八条	第二编物权	第十七章抵押权	0	0	
399	第三百九十九条	第二编物权	第十七章抵押权	0	0	
400	第四百条	第二编物权	第十七章抵押权	0	0	
401	第四百零一条	第二编物权	第十七章抵押权	1	1	T1_001_适用中华人民共和国民法典时间.md
402	第四百零二条	第二编物权	第十七章抵押权	0	0	
403	第四百零三条	第二编物权	第十七章抵押权	0	0	
404	第四百零四条	第二编物权	第十七章抵押权	0	0	
405	第四百零五条	第二编物权	第十七章抵押权	0	0	
406	第四百零六条	第二编物权	第十七章抵押权	0	0	
407	第四百零七条	第二编物权	第十七章抵押权	0	0	
408	第四百零八条	第二编物权	第十七章抵押权	0	0	
409	第四百零九条	第二编物权	第十七章抵押权	0	0	
410	第四百一十条	第二编物权	第十七章抵押权	0	0	
411	第四百一十一条	第二编物权	第十七章抵押权	0	0	
412	第四百一十二条	第二编物权	第十七章抵押权	0	0	
413	第四百一十三条	第二编物权	第十七章抵押权	0	0	
414	第四百一十四条	第二编物权	第十七章抵押权	1	1	T2_037_适用中华人民共和国企业破产法.md
415	第四百一十五条	第二编物权	第十七章抵押权	0	0	
416	第四百一十六条	第二编物权	第十七章抵押权	0	0	
417	第四百一十七条	第二编物权	第十七章抵押权	0	0	
418	第四百一十八条	第二编物权	第十七章抵押权	0	0	
419	第四百一十九条	第二编物权	第十七章抵押权	0	0	
420	第四百二十条	第二编物权	第十七章抵押权	0	0	
421	第四百二十一条	第二编物权	第十七章抵押权	0	0	
422	第四百二十二条	第二编物权	第十七章抵押权	0	0	
423	第四百二十三条	第二编物权	第十七章抵押权	1	1	T1_008_适用中华人民共和国民法典有关.md
424	第四百二十四条	第二编物权	第十七章抵押权	0	0	
425	第四百二十五条	第二编物权	第十八章质权	0	0	
426	第四百二十六条	第二编物权	第十八章质权	0	0	
427	第四百二十七条	第二编物权	第十八章质权	0	0	
428	第四百二十八条	第二编物权	第十八章质权	0	0	
429	第四百二十九条	第二编物权	第十八章质权	0	0	
430	第四百三十条	第二编物权	第十八章质权	0	0	
431	第四百三十一条	第二编物权	第十八章质权	0	0	
432	第四百三十二条	第二编物权	第十八章质权	0	0	
433	第四百三十三条	第二编物权	第十八章质权	0	0	
434	第四百三十四条	第二编物权	第十八章质权	0	0	
435	第四百三十五条	第二编物权	第十八章质权	0	0	
436	第四百三十六条	第二编物权	第十八章质权	0	0	
437	第四百三十七条	第二编物权	第十八章质权	0	0	
438	第四百三十八条	第二编物权	第十八章质权	0	0	
439	第四百三十九条	第二编物权	第十八章质权	0	0	
440	第四百四十条	第二编物权	第十八章质权	0	0	
441	第四百四十一条	第二编物权	第十八章质权	0	0	
442	第四百四十二条	第二编物权	第十八章质权	0	0	
443	第四百四十三条	第二编物权	第十八章质权	0	0	
444	第四百四十四条	第二编物权	第十八章质权	0	0	
445	第四百四十五条	第二编物权	第十八章质权	0	0	
446	第四百四十六条	第二编物权	第十八章质权	0	0	
447	第四百四十七条	第二编物权	第十九章留置权	0	0	
448	第四百四十八条	第二编物权	第十九章留置权	0	0	
449	第四百四十九条	第二编物权	第十九章留置权	0	0	
450	第四百五十条	第二编物权	第十九章留置权	1	1	T1_008_适用中华人民共和国民法典有关.md
451	第四百五十一条	第二编物权	第十九章留置权	0	0	
452	第四百五十二条	第二编物权	第十九章留置权	0	0	
453	第四百五十三条	第二编物权	第十九章留置权	0	0	
454	第四百五十四条	第二编物权	第十九章留置权	0	0	
455	第四百五十五条	第二编物权	第十九章留置权	0	0	
456	第四百五十六条	第二编物权	第十九章留置权	0	0	
457	第四百五十七条	第二编物权	第十九章留置权	0	0	
458	第四百五十八条	第二编物权	第二十章占有	0	0	
459	第四百五十九条	第二编物权	第二十章占有	0	0	
460	第四百六十条	第二编物权	第二十章占有	0	0	
461	第四百六十一条	第二编物权	第二十章占有	0	0	
462	第四百六十二条	第二编物权	第二十章占有	0	0	
463	第四百六十三条	第三编合同	第一章一般规定	0	0	
464	第四百六十四条	第三编合同	第一章一般规定	0	0	
465	第四百六十五条	第三编合同	第一章一般规定	0	0	
466	第四百六十六条	第三编合同	第一章一般规定	0	0	
467	第四百六十七条	第三编合同	第一章一般规定	1	1	T2_002_审理买卖合同纠纷案件适用法律.md
468	第四百六十八条	第三编合同	第一章一般规定	0	0	
469	第四百六十九条	第三编合同	第二章合同的订立	0	0	
470	第四百七十条	第三编合同	第二章合同的订立	0	0	
471	第四百七十一条	第三编合同	第二章合同的订立	0	0	
472	第四百七十二条	第三编合同	第二章合同的订立	0	0	
473	第四百七十三条	第三编合同	第二章合同的订立	0	0	
474	第四百七十四条	第三编合同	第二章合同的订立	0	0	
475	第四百七十五条	第三编合同	第二章合同的订立	0	0	
476	第四百七十六条	第三编合同	第二章合同的订立	0	0	
477	第四百七十七条	第三编合同	第二章合同的订立	0	0	
478	第四百七十八条	第三编合同	第二章合同的订立	0	0	
479	第四百七十九条	第三编合同	第二章合同的订立	0	0	
480	第四百八十条	第三编合同	第二章合同的订立	0	0	
481	第四百八十一条	第三编合同	第二章合同的订立	0	0	
482	第四百八十二条	第三编合同	第二章合同的订立	0	0	
483	第四百八十三条	第三编合同	第二章合同的订立	0	0	
484	第四百八十四条	第三编合同	第二章合同的订立	0	0	
485	第四百八十五条	第三编合同	第二章合同的订立	0	0	
486	第四百八十六条	第三编合同	第二章合同的订立	0	0	
487	第四百八十七条	第三编合同	第二章合同的订立	0	0	
488	第四百八十八条	第三编合同	第二章合同的订立	0	0	
489	第四百八十九条	第三编合同	第二章合同的订立	0	0	
490	第四百九十条	第三编合同	第二章合同的订立	2	2	T4_007_审理著作权民事纠纷案件适用法.md;T4_918_审理著作权民事纠纷案件适用法.md
491	第四百九十一条	第三编合同	第二章合同的订立	0	0	
492	第四百九十二条	第三编合同	第二章合同的订立	0	0	
493	第四百九十三条	第三编合同	第二章合同的订立	0	0	
494	第四百九十四条	第三编合同	第二章合同的订立	0	0	
495	第四百九十五条	第三编合同	第二章合同的订立	0	0	
496	第四百九十六条	第三编合同	第二章合同的订立	3	2	T1_001_适用中华人民共和国民法典时间.md;T1_002_适用中华人民共和国民法典合同.md
497	第四百九十七条	第三编合同	第二章合同的订立	2	2	T2_004_审理使用人脸识别技术处理个人.md;T2_013_审理预付式消费民事纠纷案件适.md
498	第四百九十八条	第三编合同	第二章合同的订立	0	0	
499	第四百九十九条	第三编合同	第二章合同的订立	0	0	
500	第五百条	第三编合同	第二章合同的订立	1	1	T2_010_审理期货纠纷案件若干问题的规.md
501	第五百零一条	第三编合同	第二章合同的订立	0	0	
502	第五百零二条	第三编合同	第三章合同的效力	1	1	T1_002_适用中华人民共和国民法典合同.md
503	第五百零三条	第三编合同	第三章合同的效力	0	0	
504	第五百零四条	第三编合同	第三章合同的效力	2	1	T1_002_适用中华人民共和国民法典合同.md
505	第五百零五条	第三编合同	第三章合同的效力	0	0	
506	第五百零六条	第三编合同	第三章合同的效力	0	0	
507	第五百零七条	第三编合同	第三章合同的效力	0	0	
508	第五百零八条	第三编合同	第三章合同的效力	0	0	
509	第五百零九条	第三编合同	第四章合同的履行	0	0	
510	第五百一十条	第三编合同	第四章合同的履行	4	4	T1_002_适用中华人民共和国民法典合同.md;T1_010_审理民事案件适用诉讼时效制度.md;T2_002_审理买卖合同纠纷案件适用法律.md;T2_013_审理预付式消费民事纠纷案件适.md
511	第五百一十一条	第三编合同	第四章合同的履行	0	0	
512	第五百一十二条	第三编合同	第四章合同的履行	0	0	
513	第五百一十三条	第三编合同	第四章合同的履行	0	0	
514	第五百一十四条	第三编合同	第四章合同的履行	0	0	
515	第五百一十五条	第三编合同	第四章合同的履行	0	0	
516	第五百一十六条	第三编合同	第四章合同的履行	0	0	
517	第五百一十七条	第三编合同	第四章合同的履行	0	0	
518	第五百一十八条	第三编合同	第四章合同的履行	0	0	
519	第五百一十九条	第三编合同	第四章合同的履行	0	0	
520	第五百二十条	第三编合同	第四章合同的履行	0	0	
521	第五百二十一条	第三编合同	第四章合同的履行	0	0	
522	第五百二十二条	第三编合同	第四章合同的履行	2	2	T1_002_适用中华人民共和国民法典合同.md;T1_006_适用中华人民共和国民法典婚姻.md
523	第五百二十三条	第三编合同	第四章合同的履行	0	0	
524	第五百二十四条	第三编合同	第四章合同的履行	1	1	T1_002_适用中华人民共和国民法典合同.md
525	第五百二十五条	第三编合同	第四章合同的履行	1	1	T1_002_适用中华人民共和国民法典合同.md
526	第五百二十六条	第三编合同	第四章合同的履行	1	1	T1_002_适用中华人民共和国民法典合同.md
527	第五百二十七条	第三编合同	第四章合同的履行	0	0	
528	第五百二十八条	第三编合同	第四章合同的履行	0	0	
529	第五百二十九条	第三编合同	第四章合同的履行	0	0	
530	第五百三十条	第三编合同	第四章合同的履行	0	0	
531	第五百三十一条	第三编合同	第四章合同的履行	0	0	
532	第五百三十二条	第三编合同	第四章合同的履行	0	0	
533	第五百三十三条	第三编合同	第四章合同的履行	3	2	T1_002_适用中华人民共和国民法典合同.md;T2_903_审理建设工程施工合同纠纷案件.md
534	第五百三十四条	第三编合同	第四章合同的履行	0	0	
535	第五百三十五条	第三编合同	第五章合同的保全	5	3	T1_002_适用中华人民共和国民法典合同.md;T2_006_审理建设工程施工合同纠纷案件.md;T2_903_审理建设工程施工合同纠纷案件.md
536	第五百三十六条	第三编合同	第五章合同的保全	0	0	
537	第五百三十七条	第三编合同	第五章合同的保全	0	0	
538	第五百三十八条	第三编合同	第五章合同的保全	4	4	T1_002_适用中华人民共和国民法典合同.md;T1_006_适用中华人民共和国民法典婚姻.md;T2_008_适用中华人民共和国企业破产法.md;T2_016_审理与企业改制相关的民事纠纷.md
539	第五百三十九条	第三编合同	第五章合同的保全	2	1	T1_002_适用中华人民共和国民法典合同.md
540	第五百四十条	第三编合同	第五章合同的保全	1	1	T1_002_适用中华人民共和国民法典合同.md
541	第五百四十一条	第三编合同	第五章合同的保全	0	0	
542	第五百四十二条	第三编合同	第五章合同的保全	0	0	
543	第五百四十三条	第三编合同	第六章合同的变更和转让	0	0	
544	第五百四十四条	第三编合同	第六章合同的变更和转让	0	0	
545	第五百四十五条	第三编合同	第六章合同的变更和转让	0	0	
546	第五百四十六条	第三编合同	第六章合同的变更和转让	0	0	
547	第五百四十七条	第三编合同	第六章合同的变更和转让	0	0	
548	第五百四十八条	第三编合同	第六章合同的变更和转让	0	0	
549	第五百四十九条	第三编合同	第六章合同的变更和转让	0	0	
550	第五百五十条	第三编合同	第六章合同的变更和转让	0	0	
551	第五百五十一条	第三编合同	第六章合同的变更和转让	0	0	
552	第五百五十二条	第三编合同	第六章合同的变更和转让	2	1	T1_008_适用中华人民共和国民法典有关.md
553	第五百五十三条	第三编合同	第六章合同的变更和转让	0	0	
554	第五百五十四条	第三编合同	第六章合同的变更和转让	0	0	
555	第五百五十五条	第三编合同	第六章合同的变更和转让	0	0	
556	第五百五十六条	第三编合同	第六章合同的变更和转让	0	0	
557	第五百五十七条	第三编合同	第七章合同的权利义务终止	0	0	
558	第五百五十八条	第三编合同	第七章合同的权利义务终止	0	0	
559	第五百五十九条	第三编合同	第七章合同的权利义务终止	0	0	
560	第五百六十条	第三编合同	第七章合同的权利义务终止	1	1	T1_002_适用中华人民共和国民法典合同.md
561	第五百六十一条	第三编合同	第七章合同的权利义务终止	1	1	T1_002_适用中华人民共和国民法典合同.md
562	第五百六十二条	第三编合同	第七章合同的权利义务终止	0	0	
563	第五百六十三条	第三编合同	第七章合同的权利义务终止	5	4	T2_001_审理技术合同纠纷案件适用法律.md;T2_002_审理买卖合同纠纷案件适用法律.md;T2_010_审理期货纠纷案件若干问题的规.md;T2_017_审理商品房买卖合同纠纷案件适.md
564	第五百六十四条	第三编合同	第七章合同的权利义务终止	1	1	T1_001_适用中华人民共和国民法典时间.md
565	第五百六十五条	第三编合同	第七章合同的权利义务终止	1	1	T1_001_适用中华人民共和国民法典时间.md
566	第五百六十六条	第三编合同	第七章合同的权利义务终止	1	1	T1_002_适用中华人民共和国民法典合同.md
567	第五百六十七条	第三编合同	第七章合同的权利义务终止	0	0	
568	第五百六十八条	第三编合同	第七章合同的权利义务终止	1	1	T1_002_适用中华人民共和国民法典合同.md
569	第五百六十九条	第三编合同	第七章合同的权利义务终止	0	0	
570	第五百七十条	第三编合同	第七章合同的权利义务终止	1	1	T3_003_执行和解若干问题的规定.md
571	第五百七十一条	第三编合同	第七章合同的权利义务终止	0	0	
572	第五百七十二条	第三编合同	第七章合同的权利义务终止	0	0	
573	第五百七十三条	第三编合同	第七章合同的权利义务终止	0	0	
574	第五百七十四条	第三编合同	第七章合同的权利义务终止	0	0	
575	第五百七十五条	第三编合同	第七章合同的权利义务终止	0	0	
576	第五百七十六条	第三编合同	第七章合同的权利义务终止	0	0	
577	第五百七十七条	第三编合同	第八章违约责任	1	1	T2_006_审理建设工程施工合同纠纷案件.md
578	第五百七十八条	第三编合同	第八章违约责任	2	1	T3_003_执行和解若干问题的规定.md
579	第五百七十九条	第三编合同	第八章违约责任	0	0	
580	第五百八十条	第三编合同	第八章违约责任	3	2	T1_001_适用中华人民共和国民法典时间.md;T1_002_适用中华人民共和国民法典合同.md
581	第五百八十一条	第三编合同	第八章违约责任	0	0	
582	第五百八十二条	第三编合同	第八章违约责任	1	1	T2_002_审理买卖合同纠纷案件适用法律.md
583	第五百八十三条	第三编合同	第八章违约责任	0	0	
584	第五百八十四条	第三编合同	第八章违约责任	4	2	T1_002_适用中华人民共和国民法典合同.md;T2_002_审理买卖合同纠纷案件适用法律.md
585	第五百八十五条	第三编合同	第八章违约责任	1	1	T2_002_审理买卖合同纠纷案件适用法律.md
586	第五百八十六条	第三编合同	第八章违约责任	0	0	
587	第五百八十七条	第三编合同	第八章违约责任	1	1	T1_002_适用中华人民共和国民法典合同.md
588	第五百八十八条	第三编合同	第八章违约责任	0	0	
589	第五百八十九条	第三编合同	第八章违约责任	0	0	
590	第五百九十条	第三编合同	第八章违约责任	0	0	
591	第五百九十一条	第三编合同	第八章违约责任	0	0	
592	第五百九十二条	第三编合同	第八章违约责任	0	0	
593	第五百九十三条	第三编合同	第八章违约责任	0	0	
594	第五百九十四条	第三编合同	第八章违约责任	0	0	
595	第五百九十五条	第三编合同	第九章买卖合同	0	0	
596	第五百九十六条	第三编合同	第九章买卖合同	0	0	
597	第五百九十七条	第三编合同	第九章买卖合同	0	0	
598	第五百九十八条	第三编合同	第九章买卖合同	0	0	
599	第五百九十九条	第三编合同	第九章买卖合同	1	1	T2_002_审理买卖合同纠纷案件适用法律.md
600	第六百条	第三编合同	第九章买卖合同	0	0	
601	第六百零一条	第三编合同	第九章买卖合同	0	0	
602	第六百零二条	第三编合同	第九章买卖合同	0	0	
603	第六百零三条	第三编合同	第九章买卖合同	1	1	T2_002_审理买卖合同纠纷案件适用法律.md
604	第六百零四条	第三编合同	第九章买卖合同	0	0	
605	第六百零五条	第三编合同	第九章买卖合同	0	0	
606	第六百零六条	第三编合同	第九章买卖合同	0	0	
607	第六百零七条	第三编合同	第九章买卖合同	1	1	T2_002_审理买卖合同纠纷案件适用法律.md
608	第六百零八条	第三编合同	第九章买卖合同	0	0	
609	第六百零九条	第三编合同	第九章买卖合同	0	0	
610	第六百一十条	第三编合同	第九章买卖合同	0	0	
611	第六百一十一条	第三编合同	第九章买卖合同	0	0	
612	第六百一十二条	第三编合同	第九章买卖合同	0	0	
613	第六百一十三条	第三编合同	第九章买卖合同	0	0	
614	第六百一十四条	第三编合同	第九章买卖合同	0	0	
615	第六百一十五条	第三编合同	第九章买卖合同	0	0	
616	第六百一十六条	第三编合同	第九章买卖合同	0	0	
617	第六百一十七条	第三编合同	第九章买卖合同	0	0	
618	第六百一十八条	第三编合同	第九章买卖合同	0	0	
619	第六百一十九条	第三编合同	第九章买卖合同	0	0	
620	第六百二十条	第三编合同	第九章买卖合同	0	0	
621	第六百二十一条	第三编合同	第九章买卖合同	2	1	T2_002_审理买卖合同纠纷案件适用法律.md
622	第六百二十二条	第三编合同	第九章买卖合同	0	0	
623	第六百二十三条	第三编合同	第九章买卖合同	0	0	
624	第六百二十四条	第三编合同	第九章买卖合同	0	0	
625	第六百二十五条	第三编合同	第九章买卖合同	0	0	
626	第六百二十六条	第三编合同	第九章买卖合同	0	0	
627	第六百二十七条	第三编合同	第九章买卖合同	0	0	
628	第六百二十八条	第三编合同	第九章买卖合同	0	0	
629	第六百二十九条	第三编合同	第九章买卖合同	1	1	T2_002_审理买卖合同纠纷案件适用法律.md
630	第六百三十条	第三编合同	第九章买卖合同	0	0	
631	第六百三十一条	第三编合同	第九章买卖合同	0	0	
632	第六百三十二条	第三编合同	第九章买卖合同	0	0	
633	第六百三十三条	第三编合同	第九章买卖合同	0	0	
634	第六百三十四条	第三编合同	第九章买卖合同	1	1	T2_002_审理买卖合同纠纷案件适用法律.md
635	第六百三十五条	第三编合同	第九章买卖合同	0	0	
636	第六百三十六条	第三编合同	第九章买卖合同	0	0	
637	第六百三十七条	第三编合同	第九章买卖合同	0	0	
638	第六百三十八条	第三编合同	第九章买卖合同	0	0	
639	第六百三十九条	第三编合同	第九章买卖合同	0	0	
640	第六百四十条	第三编合同	第九章买卖合同	0	0	
641	第六百四十一条	第三编合同	第九章买卖合同	2	2	T2_002_审理买卖合同纠纷案件适用法律.md;T2_008_适用中华人民共和国企业破产法.md
642	第六百四十二条	第三编合同	第九章买卖合同	2	2	T1_008_适用中华人民共和国民法典有关.md;T2_002_审理买卖合同纠纷案件适用法律.md
643	第六百四十三条	第三编合同	第九章买卖合同	0	0	
644	第六百四十四条	第三编合同	第九章买卖合同	0	0	
645	第六百四十五条	第三编合同	第九章买卖合同	0	0	
646	第六百四十六条	第三编合同	第九章买卖合同	1	1	T2_002_审理买卖合同纠纷案件适用法律.md
647	第六百四十七条	第三编合同	第九章买卖合同	0	0	
648	第六百四十八条	第三编合同	第十章供用电、水、气、热力合同	0	0	
649	第六百四十九条	第三编合同	第十章供用电、水、气、热力合同	0	0	
650	第六百五十条	第三编合同	第十章供用电、水、气、热力合同	0	0	
651	第六百五十一条	第三编合同	第十章供用电、水、气、热力合同	0	0	
652	第六百五十二条	第三编合同	第十章供用电、水、气、热力合同	0	0	
653	第六百五十三条	第三编合同	第十章供用电、水、气、热力合同	0	0	
654	第六百五十四条	第三编合同	第十章供用电、水、气、热力合同	0	0	
655	第六百五十五条	第三编合同	第十章供用电、水、气、热力合同	0	0	
656	第六百五十六条	第三编合同	第十章供用电、水、气、热力合同	0	0	
657	第六百五十七条	第三编合同	第十一章赠与合同	0	0	
658	第六百五十八条	第三编合同	第十一章赠与合同	1	1	T1_003_适用中华人民共和国民法典婚姻.md
659	第六百五十九条	第三编合同	第十一章赠与合同	0	0	
660	第六百六十条	第三编合同	第十一章赠与合同	0	0	
661	第六百六十一条	第三编合同	第十一章赠与合同	0	0	
662	第六百六十二条	第三编合同	第十一章赠与合同	0	0	
663	第六百六十三条	第三编合同	第十一章赠与合同	0	0	
664	第六百六十四条	第三编合同	第十一章赠与合同	0	0	
665	第六百六十五条	第三编合同	第十一章赠与合同	0	0	
666	第六百六十六条	第三编合同	第十一章赠与合同	0	0	
667	第六百六十七条	第三编合同	第十二章借款合同	0	0	
668	第六百六十八条	第三编合同	第十二章借款合同	0	0	
669	第六百六十九条	第三编合同	第十二章借款合同	0	0	
670	第六百七十条	第三编合同	第十二章借款合同	0	0	
671	第六百七十一条	第三编合同	第十二章借款合同	0	0	
672	第六百七十二条	第三编合同	第十二章借款合同	0	0	
673	第六百七十三条	第三编合同	第十二章借款合同	0	0	
674	第六百七十四条	第三编合同	第十二章借款合同	0	0	
675	第六百七十五条	第三编合同	第十二章借款合同	0	0	
676	第六百七十六条	第三编合同	第十二章借款合同	0	0	
677	第六百七十七条	第三编合同	第十二章借款合同	0	0	
678	第六百七十八条	第三编合同	第十二章借款合同	0	0	
679	第六百七十九条	第三编合同	第十二章借款合同	0	0	
680	第六百八十条	第三编合同	第十二章借款合同	0	0	
681	第六百八十一条	第三编合同	第十三章保证合同	0	0	
682	第六百八十二条	第三编合同	第十三章保证合同	0	0	
683	第六百八十三条	第三编合同	第十三章保证合同	0	0	
684	第六百八十四条	第三编合同	第十三章保证合同	0	0	
685	第六百八十五条	第三编合同	第十三章保证合同	0	0	
686	第六百八十六条	第三编合同	第十三章保证合同	0	0	
687	第六百八十七条	第三编合同	第十三章保证合同	2	1	T1_008_适用中华人民共和国民法典有关.md
688	第六百八十八条	第三编合同	第十三章保证合同	0	0	
689	第六百八十九条	第三编合同	第十三章保证合同	0	0	
690	第六百九十条	第三编合同	第十三章保证合同	0	0	
691	第六百九十一条	第三编合同	第十三章保证合同	0	0	
692	第六百九十二条	第三编合同	第十三章保证合同	0	0	
693	第六百九十三条	第三编合同	第十三章保证合同	0	0	
694	第六百九十四条	第三编合同	第十三章保证合同	0	0	
695	第六百九十五条	第三编合同	第十三章保证合同	1	1	T1_008_适用中华人民共和国民法典有关.md
696	第六百九十六条	第三编合同	第十三章保证合同	0	0	
697	第六百九十七条	第三编合同	第十三章保证合同	0	0	
698	第六百九十八条	第三编合同	第十三章保证合同	0	0	
699	第六百九十九条	第三编合同	第十三章保证合同	0	0	
700	第七百条	第三编合同	第十三章保证合同	0	0	
701	第七百零一条	第三编合同	第十三章保证合同	0	0	
702	第七百零二条	第三编合同	第十三章保证合同	0	0	
703	第七百零三条	第三编合同	第十四章租赁合同	0	0	
704	第七百零四条	第三编合同	第十四章租赁合同	0	0	
705	第七百零五条	第三编合同	第十四章租赁合同	0	0	
706	第七百零六条	第三编合同	第十四章租赁合同	0	0	
707	第七百零七条	第三编合同	第十四章租赁合同	0	0	
708	第七百零八条	第三编合同	第十四章租赁合同	0	0	
709	第七百零九条	第三编合同	第十四章租赁合同	0	0	
710	第七百一十条	第三编合同	第十四章租赁合同	0	0	
711	第七百一十一条	第三编合同	第十四章租赁合同	1	1	T2_009_审理城镇房屋租赁合同纠纷案件.md
712	第七百一十二条	第三编合同	第十四章租赁合同	0	0	
713	第七百一十三条	第三编合同	第十四章租赁合同	0	0	
714	第七百一十四条	第三编合同	第十四章租赁合同	0	0	
715	第七百一十五条	第三编合同	第十四章租赁合同	0	0	
716	第七百一十六条	第三编合同	第十四章租赁合同	0	0	
717	第七百一十七条	第三编合同	第十四章租赁合同	0	0	
718	第七百一十八条	第三编合同	第十四章租赁合同	0	0	
719	第七百一十九条	第三编合同	第十四章租赁合同	0	0	
720	第七百二十条	第三编合同	第十四章租赁合同	0	0	
721	第七百二十一条	第三编合同	第十四章租赁合同	0	0	
722	第七百二十二条	第三编合同	第十四章租赁合同	0	0	
723	第七百二十三条	第三编合同	第十四章租赁合同	0	0	
724	第七百二十四条	第三编合同	第十四章租赁合同	0	0	
725	第七百二十五条	第三编合同	第十四章租赁合同	0	0	
726	第七百二十六条	第三编合同	第十四章租赁合同	0	0	
727	第七百二十七条	第三编合同	第十四章租赁合同	0	0	
728	第七百二十八条	第三编合同	第十四章租赁合同	0	0	
729	第七百二十九条	第三编合同	第十四章租赁合同	0	0	
730	第七百三十条	第三编合同	第十四章租赁合同	1	1	T4_014_审理涉及农村土地承包纠纷案件.md
731	第七百三十一条	第三编合同	第十四章租赁合同	0	0	
732	第七百三十二条	第三编合同	第十四章租赁合同	0	0	
733	第七百三十三条	第三编合同	第十四章租赁合同	0	0	
734	第七百三十四条	第三编合同	第十四章租赁合同	1	1	T1_001_适用中华人民共和国民法典时间.md
735	第七百三十五条	第三编合同	第十五章融资租赁合同	1	1	T2_012_审理融资租赁合同纠纷案件适用.md
736	第七百三十六条	第三编合同	第十五章融资租赁合同	0	0	
737	第七百三十七条	第三编合同	第十五章融资租赁合同	0	0	
738	第七百三十八条	第三编合同	第十五章融资租赁合同	0	0	
739	第七百三十九条	第三编合同	第十五章融资租赁合同	0	0	
740	第七百四十条	第三编合同	第十五章融资租赁合同	0	0	
741	第七百四十一条	第三编合同	第十五章融资租赁合同	0	0	
742	第七百四十二条	第三编合同	第十五章融资租赁合同	0	0	
743	第七百四十三条	第三编合同	第十五章融资租赁合同	0	0	
744	第七百四十四条	第三编合同	第十五章融资租赁合同	1	1	T2_012_审理融资租赁合同纠纷案件适用.md
745	第七百四十五条	第三编合同	第十五章融资租赁合同	0	0	
746	第七百四十六条	第三编合同	第十五章融资租赁合同	0	0	
747	第七百四十七条	第三编合同	第十五章融资租赁合同	0	0	
748	第七百四十八条	第三编合同	第十五章融资租赁合同	0	0	
749	第七百四十九条	第三编合同	第十五章融资租赁合同	0	0	
750	第七百五十条	第三编合同	第十五章融资租赁合同	0	0	
751	第七百五十一条	第三编合同	第十五章融资租赁合同	0	0	
752	第七百五十二条	第三编合同	第十五章融资租赁合同	1	1	T2_012_审理融资租赁合同纠纷案件适用.md
753	第七百五十三条	第三编合同	第十五章融资租赁合同	0	0	
754	第七百五十四条	第三编合同	第十五章融资租赁合同	0	0	
755	第七百五十五条	第三编合同	第十五章融资租赁合同	0	0	
756	第七百五十六条	第三编合同	第十五章融资租赁合同	0	0	
757	第七百五十七条	第三编合同	第十五章融资租赁合同	0	0	
758	第七百五十八条	第三编合同	第十五章融资租赁合同	0	0	
759	第七百五十九条	第三编合同	第十五章融资租赁合同	0	0	
760	第七百六十条	第三编合同	第十五章融资租赁合同	0	0	
761	第七百六十一条	第三编合同	第十六章保理合同	0	0	
762	第七百六十二条	第三编合同	第十六章保理合同	0	0	
763	第七百六十三条	第三编合同	第十六章保理合同	0	0	
764	第七百六十四条	第三编合同	第十六章保理合同	0	0	
765	第七百六十五条	第三编合同	第十六章保理合同	0	0	
766	第七百六十六条	第三编合同	第十六章保理合同	0	0	
767	第七百六十七条	第三编合同	第十六章保理合同	0	0	
768	第七百六十八条	第三编合同	第十六章保理合同	1	1	T1_008_适用中华人民共和国民法典有关.md
769	第七百六十九条	第三编合同	第十六章保理合同	0	0	
770	第七百七十条	第三编合同	第十七章承揽合同	0	0	
771	第七百七十一条	第三编合同	第十七章承揽合同	0	0	
772	第七百七十二条	第三编合同	第十七章承揽合同	0	0	
773	第七百七十三条	第三编合同	第十七章承揽合同	0	0	
774	第七百七十四条	第三编合同	第十七章承揽合同	0	0	
775	第七百七十五条	第三编合同	第十七章承揽合同	0	0	
776	第七百七十六条	第三编合同	第十七章承揽合同	0	0	
777	第七百七十七条	第三编合同	第十七章承揽合同	0	0	
778	第七百七十八条	第三编合同	第十七章承揽合同	0	0	
779	第七百七十九条	第三编合同	第十七章承揽合同	0	0	
780	第七百八十条	第三编合同	第十七章承揽合同	0	0	
781	第七百八十一条	第三编合同	第十七章承揽合同	0	0	
782	第七百八十二条	第三编合同	第十七章承揽合同	0	0	
783	第七百八十三条	第三编合同	第十七章承揽合同	0	0	
784	第七百八十四条	第三编合同	第十七章承揽合同	0	0	
785	第七百八十五条	第三编合同	第十七章承揽合同	0	0	
786	第七百八十六条	第三编合同	第十七章承揽合同	0	0	
787	第七百八十七条	第三编合同	第十七章承揽合同	0	0	
788	第七百八十八条	第三编合同	第十八章建设工程合同	0	0	
789	第七百八十九条	第三编合同	第十八章建设工程合同	0	0	
790	第七百九十条	第三编合同	第十八章建设工程合同	0	0	
791	第七百九十一条	第三编合同	第十八章建设工程合同	1	1	T2_903_审理建设工程施工合同纠纷案件.md
792	第七百九十二条	第三编合同	第十八章建设工程合同	0	0	
793	第七百九十三条	第三编合同	第十八章建设工程合同	1	1	T2_903_审理建设工程施工合同纠纷案件.md
794	第七百九十四条	第三编合同	第十八章建设工程合同	0	0	
795	第七百九十五条	第三编合同	第十八章建设工程合同	0	0	
796	第七百九十六条	第三编合同	第十八章建设工程合同	0	0	
797	第七百九十七条	第三编合同	第十八章建设工程合同	0	0	
798	第七百九十八条	第三编合同	第十八章建设工程合同	0	0	
799	第七百九十九条	第三编合同	第十八章建设工程合同	0	0	
800	第八百条	第三编合同	第十八章建设工程合同	0	0	
801	第八百零一条	第三编合同	第十八章建设工程合同	0	0	
802	第八百零二条	第三编合同	第十八章建设工程合同	0	0	
803	第八百零三条	第三编合同	第十八章建设工程合同	0	0	
804	第八百零四条	第三编合同	第十八章建设工程合同	0	0	
805	第八百零五条	第三编合同	第十八章建设工程合同	0	0	
806	第八百零六条	第三编合同	第十八章建设工程合同	0	0	
807	第八百零七条	第三编合同	第十八章建设工程合同	4	3	T2_006_审理建设工程施工合同纠纷案件.md;T2_903_审理建设工程施工合同纠纷案件.md;T3_002_审理执行异议之诉案件适用法律.md
808	第八百零八条	第三编合同	第十八章建设工程合同	0	0	
809	第八百零九条	第三编合同	第十九章运输合同	0	0	
810	第八百一十条	第三编合同	第十九章运输合同	0	0	
811	第八百一十一条	第三编合同	第十九章运输合同	0	0	
812	第八百一十二条	第三编合同	第十九章运输合同	0	0	
813	第八百一十三条	第三编合同	第十九章运输合同	0	0	
814	第八百一十四条	第三编合同	第十九章运输合同	0	0	
815	第八百一十五条	第三编合同	第十九章运输合同	0	0	
816	第八百一十六条	第三编合同	第十九章运输合同	0	0	
817	第八百一十七条	第三编合同	第十九章运输合同	0	0	
818	第八百一十八条	第三编合同	第十九章运输合同	0	0	
819	第八百一十九条	第三编合同	第十九章运输合同	0	0	
820	第八百二十条	第三编合同	第十九章运输合同	0	0	
821	第八百二十一条	第三编合同	第十九章运输合同	0	0	
822	第八百二十二条	第三编合同	第十九章运输合同	0	0	
823	第八百二十三条	第三编合同	第十九章运输合同	0	0	
824	第八百二十四条	第三编合同	第十九章运输合同	0	0	
825	第八百二十五条	第三编合同	第十九章运输合同	0	0	
826	第八百二十六条	第三编合同	第十九章运输合同	0	0	
827	第八百二十七条	第三编合同	第十九章运输合同	0	0	
828	第八百二十八条	第三编合同	第十九章运输合同	0	0	
829	第八百二十九条	第三编合同	第十九章运输合同	0	0	
830	第八百三十条	第三编合同	第十九章运输合同	0	0	
831	第八百三十一条	第三编合同	第十九章运输合同	0	0	
832	第八百三十二条	第三编合同	第十九章运输合同	0	0	
833	第八百三十三条	第三编合同	第十九章运输合同	0	0	
834	第八百三十四条	第三编合同	第十九章运输合同	0	0	
835	第八百三十五条	第三编合同	第十九章运输合同	0	0	
836	第八百三十六条	第三编合同	第十九章运输合同	0	0	
837	第八百三十七条	第三编合同	第十九章运输合同	0	0	
838	第八百三十八条	第三编合同	第十九章运输合同	0	0	
839	第八百三十九条	第三编合同	第十九章运输合同	0	0	
840	第八百四十条	第三编合同	第十九章运输合同	0	0	
841	第八百四十一条	第三编合同	第十九章运输合同	0	0	
842	第八百四十二条	第三编合同	第十九章运输合同	0	0	
843	第八百四十三条	第三编合同	第二十章技术合同	0	0	
844	第八百四十四条	第三编合同	第二十章技术合同	0	0	
845	第八百四十五条	第三编合同	第二十章技术合同	0	0	
846	第八百四十六条	第三编合同	第二十章技术合同	0	0	
847	第八百四十七条	第三编合同	第二十章技术合同	4	1	T2_001_审理技术合同纠纷案件适用法律.md
848	第八百四十八条	第三编合同	第二十章技术合同	0	0	
849	第八百四十九条	第三编合同	第二十章技术合同	0	0	
850	第八百五十条	第三编合同	第二十章技术合同	2	1	T2_001_审理技术合同纠纷案件适用法律.md
851	第八百五十一条	第三编合同	第二十章技术合同	2	1	T2_001_审理技术合同纠纷案件适用法律.md
852	第八百五十二条	第三编合同	第二十章技术合同	0	0	
853	第八百五十三条	第三编合同	第二十章技术合同	0	0	
854	第八百五十四条	第三编合同	第二十章技术合同	0	0	
855	第八百五十五条	第三编合同	第二十章技术合同	1	1	T2_001_审理技术合同纠纷案件适用法律.md
856	第八百五十六条	第三编合同	第二十章技术合同	0	0	
857	第八百五十七条	第三编合同	第二十章技术合同	0	0	
858	第八百五十八条	第三编合同	第二十章技术合同	0	0	
859	第八百五十九条	第三编合同	第二十章技术合同	0	0	
860	第八百六十条	第三编合同	第二十章技术合同	0	0	
861	第八百六十一条	第三编合同	第二十章技术合同	1	1	T2_001_审理技术合同纠纷案件适用法律.md
862	第八百六十二条	第三编合同	第二十章技术合同	1	1	T2_001_审理技术合同纠纷案件适用法律.md
863	第八百六十三条	第三编合同	第二十章技术合同	0	0	
864	第八百六十四条	第三编合同	第二十章技术合同	1	1	T2_001_审理技术合同纠纷案件适用法律.md
865	第八百六十五条	第三编合同	第二十章技术合同	0	0	
866	第八百六十六条	第三编合同	第二十章技术合同	0	0	
867	第八百六十七条	第三编合同	第二十章技术合同	0	0	
868	第八百六十八条	第三编合同	第二十章技术合同	0	0	
869	第八百六十九条	第三编合同	第二十章技术合同	0	0	
870	第八百七十条	第三编合同	第二十章技术合同	0	0	
871	第八百七十一条	第三编合同	第二十章技术合同	0	0	
872	第八百七十二条	第三编合同	第二十章技术合同	0	0	
873	第八百七十三条	第三编合同	第二十章技术合同	0	0	
874	第八百七十四条	第三编合同	第二十章技术合同	0	0	
875	第八百七十五条	第三编合同	第二十章技术合同	0	0	
876	第八百七十六条	第三编合同	第二十章技术合同	0	0	
877	第八百七十七条	第三编合同	第二十章技术合同	0	0	
878	第八百七十八条	第三编合同	第二十章技术合同	2	1	T2_001_审理技术合同纠纷案件适用法律.md
879	第八百七十九条	第三编合同	第二十章技术合同	0	0	
880	第八百八十条	第三编合同	第二十章技术合同	0	0	
881	第八百八十一条	第三编合同	第二十章技术合同	0	0	
882	第八百八十二条	第三编合同	第二十章技术合同	0	0	
883	第八百八十三条	第三编合同	第二十章技术合同	0	0	
884	第八百八十四条	第三编合同	第二十章技术合同	0	0	
885	第八百八十五条	第三编合同	第二十章技术合同	0	0	
886	第八百八十六条	第三编合同	第二十章技术合同	0	0	
887	第八百八十七条	第三编合同	第二十章技术合同	2	1	T2_001_审理技术合同纠纷案件适用法律.md
888	第八百八十八条	第三编合同	第二十一章保管合同	0	0	
889	第八百八十九条	第三编合同	第二十一章保管合同	0	0	
890	第八百九十条	第三编合同	第二十一章保管合同	0	0	
891	第八百九十一条	第三编合同	第二十一章保管合同	0	0	
892	第八百九十二条	第三编合同	第二十一章保管合同	0	0	
893	第八百九十三条	第三编合同	第二十一章保管合同	0	0	
894	第八百九十四条	第三编合同	第二十一章保管合同	0	0	
895	第八百九十五条	第三编合同	第二十一章保管合同	0	0	
896	第八百九十六条	第三编合同	第二十一章保管合同	0	0	
897	第八百九十七条	第三编合同	第二十一章保管合同	0	0	
898	第八百九十八条	第三编合同	第二十一章保管合同	0	0	
899	第八百九十九条	第三编合同	第二十一章保管合同	0	0	
900	第九百条	第三编合同	第二十一章保管合同	0	0	
901	第九百零一条	第三编合同	第二十一章保管合同	0	0	
902	第九百零二条	第三编合同	第二十一章保管合同	0	0	
903	第九百零三条	第三编合同	第二十一章保管合同	0	0	
904	第九百零四条	第三编合同	第二十二章仓储合同	0	0	
905	第九百零五条	第三编合同	第二十二章仓储合同	0	0	
906	第九百零六条	第三编合同	第二十二章仓储合同	0	0	
907	第九百零七条	第三编合同	第二十二章仓储合同	0	0	
908	第九百零八条	第三编合同	第二十二章仓储合同	0	0	
909	第九百零九条	第三编合同	第二十二章仓储合同	0	0	
910	第九百一十条	第三编合同	第二十二章仓储合同	0	0	
911	第九百一十一条	第三编合同	第二十二章仓储合同	0	0	
912	第九百一十二条	第三编合同	第二十二章仓储合同	0	0	
913	第九百一十三条	第三编合同	第二十二章仓储合同	0	0	
914	第九百一十四条	第三编合同	第二十二章仓储合同	0	0	
915	第九百一十五条	第三编合同	第二十二章仓储合同	0	0	
916	第九百一十六条	第三编合同	第二十二章仓储合同	0	0	
917	第九百一十七条	第三编合同	第二十二章仓储合同	0	0	
918	第九百一十八条	第三编合同	第二十二章仓储合同	0	0	
919	第九百一十九条	第三编合同	第二十三章委托合同	0	0	
920	第九百二十条	第三编合同	第二十三章委托合同	0	0	
921	第九百二十一条	第三编合同	第二十三章委托合同	0	0	
922	第九百二十二条	第三编合同	第二十三章委托合同	0	0	
923	第九百二十三条	第三编合同	第二十三章委托合同	0	0	
924	第九百二十四条	第三编合同	第二十三章委托合同	0	0	
925	第九百二十五条	第三编合同	第二十三章委托合同	0	0	
926	第九百二十六条	第三编合同	第二十三章委托合同	0	0	
927	第九百二十七条	第三编合同	第二十三章委托合同	0	0	
928	第九百二十八条	第三编合同	第二十三章委托合同	0	0	
929	第九百二十九条	第三编合同	第二十三章委托合同	1	1	T1_005_适用中华人民共和国民法典侵权.md
930	第九百三十条	第三编合同	第二十三章委托合同	0	0	
931	第九百三十一条	第三编合同	第二十三章委托合同	0	0	
932	第九百三十二条	第三编合同	第二十三章委托合同	0	0	
933	第九百三十三条	第三编合同	第二十三章委托合同	0	0	
934	第九百三十四条	第三编合同	第二十三章委托合同	0	0	
935	第九百三十五条	第三编合同	第二十三章委托合同	0	0	
936	第九百三十六条	第三编合同	第二十三章委托合同	0	0	
937	第九百三十七条	第三编合同	第二十四章物业服务合同	0	0	
938	第九百三十八条	第三编合同	第二十四章物业服务合同	0	0	
939	第九百三十九条	第三编合同	第二十四章物业服务合同	0	0	
940	第九百四十条	第三编合同	第二十四章物业服务合同	0	0	
941	第九百四十一条	第三编合同	第二十四章物业服务合同	0	0	
942	第九百四十二条	第三编合同	第二十四章物业服务合同	0	0	
943	第九百四十三条	第三编合同	第二十四章物业服务合同	0	0	
944	第九百四十四条	第三编合同	第二十四章物业服务合同	0	0	
945	第九百四十五条	第三编合同	第二十四章物业服务合同	0	0	
946	第九百四十六条	第三编合同	第二十四章物业服务合同	0	0	
947	第九百四十七条	第三编合同	第二十四章物业服务合同	0	0	
948	第九百四十八条	第三编合同	第二十四章物业服务合同	0	0	
949	第九百四十九条	第三编合同	第二十四章物业服务合同	0	0	
950	第九百五十条	第三编合同	第二十四章物业服务合同	0	0	
951	第九百五十一条	第三编合同	第二十五章行纪合同	0	0	
952	第九百五十二条	第三编合同	第二十五章行纪合同	0	0	
953	第九百五十三条	第三编合同	第二十五章行纪合同	0	0	
954	第九百五十四条	第三编合同	第二十五章行纪合同	0	0	
955	第九百五十五条	第三编合同	第二十五章行纪合同	0	0	
956	第九百五十六条	第三编合同	第二十五章行纪合同	0	0	
957	第九百五十七条	第三编合同	第二十五章行纪合同	0	0	
958	第九百五十八条	第三编合同	第二十五章行纪合同	0	0	
959	第九百五十九条	第三编合同	第二十五章行纪合同	0	0	
960	第九百六十条	第三编合同	第二十五章行纪合同	0	0	
961	第九百六十一条	第三编合同	第二十六章中介合同	0	0	
962	第九百六十二条	第三编合同	第二十六章中介合同	0	0	
963	第九百六十三条	第三编合同	第二十六章中介合同	0	0	
964	第九百六十四条	第三编合同	第二十六章中介合同	0	0	
965	第九百六十五条	第三编合同	第二十六章中介合同	0	0	
966	第九百六十六条	第三编合同	第二十六章中介合同	0	0	
967	第九百六十七条	第三编合同	第二十七章合伙合同	0	0	
968	第九百六十八条	第三编合同	第二十七章合伙合同	0	0	
969	第九百六十九条	第三编合同	第二十七章合伙合同	0	0	
970	第九百七十条	第三编合同	第二十七章合伙合同	0	0	
971	第九百七十一条	第三编合同	第二十七章合伙合同	0	0	
972	第九百七十二条	第三编合同	第二十七章合伙合同	0	0	
973	第九百七十三条	第三编合同	第二十七章合伙合同	0	0	
974	第九百七十四条	第三编合同	第二十七章合伙合同	0	0	
975	第九百七十五条	第三编合同	第二十七章合伙合同	0	0	
976	第九百七十六条	第三编合同	第二十七章合伙合同	0	0	
977	第九百七十七条	第三编合同	第二十七章合伙合同	0	0	
978	第九百七十八条	第三编合同	第二十七章合伙合同	0	0	
979	第九百七十九条	第三编合同	第二十八章无因管理	0	0	
980	第九百八十条	第三编合同	第二十八章无因管理	0	0	
981	第九百八十一条	第三编合同	第二十八章无因管理	0	0	
982	第九百八十二条	第三编合同	第二十八章无因管理	0	0	
983	第九百八十三条	第三编合同	第二十八章无因管理	0	0	
984	第九百八十四条	第三编合同	第二十八章无因管理	0	0	
985	第九百八十五条	第三编合同	第二十九章不当得利	0	0	
986	第九百八十六条	第三编合同	第二十九章不当得利	0	0	
987	第九百八十七条	第三编合同	第二十九章不当得利	0	0	
988	第九百八十八条	第三编合同	第二十九章不当得利	0	0	
989	第九百八十九条	第四编人格权	第一章一般规定	0	0	
990	第九百九十条	第四编人格权	第一章一般规定	0	0	
991	第九百九十一条	第四编人格权	第一章一般规定	0	0	
992	第九百九十二条	第四编人格权	第一章一般规定	0	0	
993	第九百九十三条	第四编人格权	第一章一般规定	0	0	
994	第九百九十四条	第四编人格权	第一章一般规定	1	1	T2_004_审理使用人脸识别技术处理个人.md
995	第九百九十五条	第四编人格权	第一章一般规定	0	0	
996	第九百九十六条	第四编人格权	第一章一般规定	0	0	
997	第九百九十七条	第四编人格权	第一章一般规定	1	1	T1_006_适用中华人民共和国民法典婚姻.md
998	第九百九十八条	第四编人格权	第一章一般规定	1	1	T2_004_审理使用人脸识别技术处理个人.md
999	第九百九十九条	第四编人格权	第一章一般规定	0	0	
1000	第一千条	第四编人格权	第一章一般规定	0	0	
1001	第一千零一条	第四编人格权	第一章一般规定	0	0	
1002	第一千零二条	第四编人格权	第二章生命权、身体权和健康权	0	0	
1003	第一千零三条	第四编人格权	第二章生命权、身体权和健康权	0	0	
1004	第一千零四条	第四编人格权	第二章生命权、身体权和健康权	0	0	
1005	第一千零五条	第四编人格权	第二章生命权、身体权和健康权	0	0	
1006	第一千零六条	第四编人格权	第二章生命权、身体权和健康权	0	0	
1007	第一千零七条	第四编人格权	第二章生命权、身体权和健康权	0	0	
1008	第一千零八条	第四编人格权	第二章生命权、身体权和健康权	0	0	
1009	第一千零九条	第四编人格权	第二章生命权、身体权和健康权	0	0	
1010	第一千零一十条	第四编人格权	第二章生命权、身体权和健康权	0	0	
1011	第一千零一十一条	第四编人格权	第二章生命权、身体权和健康权	0	0	
1012	第一千零一十二条	第四编人格权	第三章姓名权和名称权	0	0	
1013	第一千零一十三条	第四编人格权	第三章姓名权和名称权	0	0	
1014	第一千零一十四条	第四编人格权	第三章姓名权和名称权	0	0	
1015	第一千零一十五条	第四编人格权	第三章姓名权和名称权	0	0	
1016	第一千零一十六条	第四编人格权	第三章姓名权和名称权	0	0	
1017	第一千零一十七条	第四编人格权	第三章姓名权和名称权	0	0	
1018	第一千零一十八条	第四编人格权	第四章肖像权	0	0	
1019	第一千零一十九条	第四编人格权	第四章肖像权	0	0	
1020	第一千零二十条	第四编人格权	第四章肖像权	0	0	
1021	第一千零二十一条	第四编人格权	第四章肖像权	0	0	
1022	第一千零二十二条	第四编人格权	第四章肖像权	0	0	
1023	第一千零二十三条	第四编人格权	第四章肖像权	0	0	
1024	第一千零二十四条	第四编人格权	第五章名誉权和荣誉权	0	0	
1025	第一千零二十五条	第四编人格权	第五章名誉权和荣誉权	0	0	
1026	第一千零二十六条	第四编人格权	第五章名誉权和荣誉权	0	0	
1027	第一千零二十七条	第四编人格权	第五章名誉权和荣誉权	0	0	
1028	第一千零二十八条	第四编人格权	第五章名誉权和荣誉权	0	0	
1029	第一千零二十九条	第四编人格权	第五章名誉权和荣誉权	0	0	
1030	第一千零三十条	第四编人格权	第五章名誉权和荣誉权	0	0	
1031	第一千零三十一条	第四编人格权	第五章名誉权和荣誉权	0	0	
1032	第一千零三十二条	第四编人格权	第六章隐私权和个人信息保护	0	0	
1033	第一千零三十三条	第四编人格权	第六章隐私权和个人信息保护	0	0	
1034	第一千零三十四条	第四编人格权	第六章隐私权和个人信息保护	1	1	T2_004_审理使用人脸识别技术处理个人.md
1035	第一千零三十五条	第四编人格权	第六章隐私权和个人信息保护	1	1	T2_004_审理使用人脸识别技术处理个人.md
1036	第一千零三十六条	第四编人格权	第六章隐私权和个人信息保护	0	0	
1037	第一千零三十七条	第四编人格权	第六章隐私权和个人信息保护	0	0	
1038	第一千零三十八条	第四编人格权	第六章隐私权和个人信息保护	0	0	
1039	第一千零三十九条	第四编人格权	第六章隐私权和个人信息保护	0	0	
1040	第一千零四十条	第五编婚姻家庭	第一章一般规定	0	0	
1041	第一千零四十一条	第五编婚姻家庭	第一章一般规定	0	0	
1042	第一千零四十二条	第五编婚姻家庭	第一章一般规定	2	1	T1_003_适用中华人民共和国民法典婚姻.md
1043	第一千零四十三条	第五编婚姻家庭	第一章一般规定	1	1	T1_003_适用中华人民共和国民法典婚姻.md
1044	第一千零四十四条	第五编婚姻家庭	第一章一般规定	0	0	
1045	第一千零四十五条	第五编婚姻家庭	第一章一般规定	0	0	
1046	第一千零四十六条	第五编婚姻家庭	第二章结婚	0	0	
1047	第一千零四十七条	第五编婚姻家庭	第二章结婚	0	0	
1048	第一千零四十八条	第五编婚姻家庭	第二章结婚	0	0	
1049	第一千零四十九条	第五编婚姻家庭	第二章结婚	3	1	T1_003_适用中华人民共和国民法典婚姻.md
1050	第一千零五十条	第五编婚姻家庭	第二章结婚	0	0	
1051	第一千零五十一条	第五编婚姻家庭	第二章结婚	6	2	T1_003_适用中华人民共和国民法典婚姻.md;T1_006_适用中华人民共和国民法典婚姻.md
1052	第一千零五十二条	第五编婚姻家庭	第二章结婚	3	2	T1_001_适用中华人民共和国民法典时间.md;T1_003_适用中华人民共和国民法典婚姻.md
1053	第一千零五十三条	第五编婚姻家庭	第二章结婚	0	0	
1054	第一千零五十四条	第五编婚姻家庭	第二章结婚	1	1	T1_003_适用中华人民共和国民法典婚姻.md
1055	第一千零五十五条	第五编婚姻家庭	第三章家庭关系	0	0	
1056	第一千零五十六条	第五编婚姻家庭	第三章家庭关系	0	0	
1057	第一千零五十七条	第五编婚姻家庭	第三章家庭关系	0	0	
1058	第一千零五十八条	第五编婚姻家庭	第三章家庭关系	0	0	
1059	第一千零五十九条	第五编婚姻家庭	第三章家庭关系	0	0	
1060	第一千零六十条	第五编婚姻家庭	第三章家庭关系	0	0	
1061	第一千零六十一条	第五编婚姻家庭	第三章家庭关系	0	0	
1062	第一千零六十二条	第五编婚姻家庭	第三章家庭关系	3	1	T1_003_适用中华人民共和国民法典婚姻.md
1063	第一千零六十三条	第五编婚姻家庭	第三章家庭关系	1	1	T1_003_适用中华人民共和国民法典婚姻.md
1064	第一千零六十四条	第五编婚姻家庭	第三章家庭关系	0	0	
1065	第一千零六十五条	第五编婚姻家庭	第三章家庭关系	1	1	T1_003_适用中华人民共和国民法典婚姻.md
1066	第一千零六十六条	第五编婚姻家庭	第三章家庭关系	3	2	T1_003_适用中华人民共和国民法典婚姻.md;T1_006_适用中华人民共和国民法典婚姻.md
1067	第一千零六十七条	第五编婚姻家庭	第三章家庭关系	2	1	T1_003_适用中华人民共和国民法典婚姻.md
1068	第一千零六十八条	第五编婚姻家庭	第三章家庭关系	1	1	T1_005_适用中华人民共和国民法典侵权.md
1069	第一千零六十九条	第五编婚姻家庭	第三章家庭关系	0	0	
1070	第一千零七十条	第五编婚姻家庭	第三章家庭关系	0	0	
1071	第一千零七十一条	第五编婚姻家庭	第三章家庭关系	0	0	
1072	第一千零七十二条	第五编婚姻家庭	第三章家庭关系	2	2	T1_005_适用中华人民共和国民法典侵权.md;T1_006_适用中华人民共和国民法典婚姻.md
1073	第一千零七十三条	第五编婚姻家庭	第三章家庭关系	0	0	
1074	第一千零七十四条	第五编婚姻家庭	第三章家庭关系	0	0	
1075	第一千零七十五条	第五编婚姻家庭	第三章家庭关系	0	0	
1076	第一千零七十六条	第五编婚姻家庭	第四章离婚	1	1	T1_003_适用中华人民共和国民法典婚姻.md
1077	第一千零七十七条	第五编婚姻家庭	第四章离婚	0	0	
1078	第一千零七十八条	第五编婚姻家庭	第四章离婚	0	0	
1079	第一千零七十九条	第五编婚姻家庭	第四章离婚	4	2	T1_001_适用中华人民共和国民法典时间.md;T1_003_适用中华人民共和国民法典婚姻.md
1080	第一千零八十条	第五编婚姻家庭	第四章离婚	0	0	
1081	第一千零八十一条	第五编婚姻家庭	第四章离婚	1	1	T1_003_适用中华人民共和国民法典婚姻.md
1082	第一千零八十二条	第五编婚姻家庭	第四章离婚	0	0	
1083	第一千零八十三条	第五编婚姻家庭	第四章离婚	0	0	
1084	第一千零八十四条	第五编婚姻家庭	第四章离婚	3	2	T1_003_适用中华人民共和国民法典婚姻.md;T1_006_适用中华人民共和国民法典婚姻.md
1085	第一千零八十五条	第五编婚姻家庭	第四章离婚	0	0	
1086	第一千零八十六条	第五编婚姻家庭	第四章离婚	0	0	
1087	第一千零八十七条	第五编婚姻家庭	第四章离婚	4	2	T1_003_适用中华人民共和国民法典婚姻.md;T1_006_适用中华人民共和国民法典婚姻.md
1088	第一千零八十八条	第五编婚姻家庭	第四章离婚	1	1	T1_006_适用中华人民共和国民法典婚姻.md
1089	第一千零八十九条	第五编婚姻家庭	第四章离婚	0	0	
1090	第一千零九十条	第五编婚姻家庭	第四章离婚	1	1	T1_006_适用中华人民共和国民法典婚姻.md
1091	第一千零九十一条	第五编婚姻家庭	第四章离婚	5	1	T1_003_适用中华人民共和国民法典婚姻.md
1092	第一千零九十二条	第五编婚姻家庭	第四章离婚	2	2	T1_003_适用中华人民共和国民法典婚姻.md;T1_006_适用中华人民共和国民法典婚姻.md
1093	第一千零九十三条	第五编婚姻家庭	第五章收养	0	0	
1094	第一千零九十四条	第五编婚姻家庭	第五章收养	0	0	
1095	第一千零九十五条	第五编婚姻家庭	第五章收养	0	0	
1096	第一千零九十六条	第五编婚姻家庭	第五章收养	0	0	
1097	第一千零九十七条	第五编婚姻家庭	第五章收养	0	0	
1098	第一千零九十八条	第五编婚姻家庭	第五章收养	0	0	
1099	第一千零九十九条	第五编婚姻家庭	第五章收养	0	0	
1100	第一千一百条	第五编婚姻家庭	第五章收养	0	0	
1101	第一千一百零一条	第五编婚姻家庭	第五章收养	0	0	
1102	第一千一百零二条	第五编婚姻家庭	第五章收养	0	0	
1103	第一千一百零三条	第五编婚姻家庭	第五章收养	0	0	
1104	第一千一百零四条	第五编婚姻家庭	第五章收养	0	0	
1105	第一千一百零五条	第五编婚姻家庭	第五章收养	0	0	
1106	第一千一百零六条	第五编婚姻家庭	第五章收养	0	0	
1107	第一千一百零七条	第五编婚姻家庭	第五章收养	0	0	
1108	第一千一百零八条	第五编婚姻家庭	第五章收养	0	0	
1109	第一千一百零九条	第五编婚姻家庭	第五章收养	0	0	
1110	第一千一百一十条	第五编婚姻家庭	第五章收养	0	0	
1111	第一千一百一十一条	第五编婚姻家庭	第五章收养	0	0	
1112	第一千一百一十二条	第五编婚姻家庭	第五章收养	0	0	
1113	第一千一百一十三条	第五编婚姻家庭	第五章收养	0	0	
1114	第一千一百一十四条	第五编婚姻家庭	第五章收养	0	0	
1115	第一千一百一十五条	第五编婚姻家庭	第五章收养	0	0	
1116	第一千一百一十六条	第五编婚姻家庭	第五章收养	0	0	
1117	第一千一百一十七条	第五编婚姻家庭	第五章收养	0	0	
1118	第一千一百一十八条	第五编婚姻家庭	第五章收养	0	0	
1119	第一千一百一十九条	第六编继承	第一章一般规定	0	0	
1120	第一千一百二十条	第六编继承	第一章一般规定	0	0	
1121	第一千一百二十一条	第六编继承	第一章一般规定	0	0	
1122	第一千一百二十二条	第六编继承	第一章一般规定	0	0	
1123	第一千一百二十三条	第六编继承	第一章一般规定	0	0	
1124	第一千一百二十四条	第六编继承	第一章一般规定	0	0	
1125	第一千一百二十五条	第六编继承	第一章一般规定	6	2	T1_001_适用中华人民共和国民法典时间.md;T1_009_适用中华人民共和国民法典继承.md
1126	第一千一百二十六条	第六编继承	第二章法定继承	0	0	
1127	第一千一百二十七条	第六编继承	第二章法定继承	1	1	T1_009_适用中华人民共和国民法典继承.md
1128	第一千一百二十八条	第六编继承	第二章法定继承	3	2	T1_001_适用中华人民共和国民法典时间.md;T1_004_适用中华人民共和国民法典总则.md
1129	第一千一百二十九条	第六编继承	第二章法定继承	2	2	T1_004_适用中华人民共和国民法典总则.md;T1_009_适用中华人民共和国民法典继承.md
1130	第一千一百三十条	第六编继承	第二章法定继承	1	1	T1_009_适用中华人民共和国民法典继承.md
1131	第一千一百三十一条	第六编继承	第二章法定继承	4	1	T1_009_适用中华人民共和国民法典继承.md
1132	第一千一百三十二条	第六编继承	第二章法定继承	0	0	
1133	第一千一百三十三条	第六编继承	第三章遗嘱继承和遗赠	0	0	
1134	第一千一百三十四条	第六编继承	第三章遗嘱继承和遗赠	0	0	
1135	第一千一百三十五条	第六编继承	第三章遗嘱继承和遗赠	0	0	
1136	第一千一百三十六条	第六编继承	第三章遗嘱继承和遗赠	1	1	T1_001_适用中华人民共和国民法典时间.md
1137	第一千一百三十七条	第六编继承	第三章遗嘱继承和遗赠	0	0	
1138	第一千一百三十八条	第六编继承	第三章遗嘱继承和遗赠	0	0	
1139	第一千一百三十九条	第六编继承	第三章遗嘱继承和遗赠	0	0	
1140	第一千一百四十条	第六编继承	第三章遗嘱继承和遗赠	0	0	
1141	第一千一百四十一条	第六编继承	第三章遗嘱继承和遗赠	0	0	
1142	第一千一百四十二条	第六编继承	第三章遗嘱继承和遗赠	1	1	T1_001_适用中华人民共和国民法典时间.md
1143	第一千一百四十三条	第六编继承	第三章遗嘱继承和遗赠	0	0	
1144	第一千一百四十四条	第六编继承	第三章遗嘱继承和遗赠	0	0	
1145	第一千一百四十五条	第六编继承	第四章遗产的处理	0	0	
1146	第一千一百四十六条	第六编继承	第四章遗产的处理	0	0	
1147	第一千一百四十七条	第六编继承	第四章遗产的处理	0	0	
1148	第一千一百四十八条	第六编继承	第四章遗产的处理	0	0	
1149	第一千一百四十九条	第六编继承	第四章遗产的处理	0	0	
1150	第一千一百五十条	第六编继承	第四章遗产的处理	0	0	
1151	第一千一百五十一条	第六编继承	第四章遗产的处理	0	0	
1152	第一千一百五十二条	第六编继承	第四章遗产的处理	0	0	
1153	第一千一百五十三条	第六编继承	第四章遗产的处理	0	0	
1154	第一千一百五十四条	第六编继承	第四章遗产的处理	0	0	
1155	第一千一百五十五条	第六编继承	第四章遗产的处理	0	0	
1156	第一千一百五十六条	第六编继承	第四章遗产的处理	0	0	
1157	第一千一百五十七条	第六编继承	第四章遗产的处理	0	0	
1158	第一千一百五十八条	第六编继承	第四章遗产的处理	0	0	
1159	第一千一百五十九条	第六编继承	第四章遗产的处理	0	0	
1160	第一千一百六十条	第六编继承	第四章遗产的处理	0	0	
1161	第一千一百六十一条	第六编继承	第四章遗产的处理	0	0	
1162	第一千一百六十二条	第六编继承	第四章遗产的处理	0	0	
1163	第一千一百六十三条	第六编继承	第四章遗产的处理	0	0	
1164	第一千一百六十四条	第七编侵权责任	第一章一般规定	0	0	
1165	第一千一百六十五条	第七编侵权责任	第一章一般规定	1	1	T1_005_适用中华人民共和国民法典侵权.md
1166	第一千一百六十六条	第七编侵权责任	第一章一般规定	0	0	
1167	第一千一百六十七条	第七编侵权责任	第一章一般规定	0	0	
1168	第一千一百六十八条	第七编侵权责任	第一章一般规定	7	7	T2_003_审理医疗损害责任纠纷案件适用.md;T2_004_审理使用人脸识别技术处理个人.md;T2_018_审理旅游纠纷案件适用法律若干.md;T2_021_审理网络消费纠纷案件适用法律.md;T4_003_审理生态环境侵权责任纠纷案件.md;T4_004_审理垄断民事纠纷案件适用法律.md;T4_913_审理生态环境侵权责任纠纷案件.md
1169	第一千一百六十九条	第七编侵权责任	第一章一般规定	7	7	T1_005_适用中华人民共和国民法典侵权.md;T4_003_审理生态环境侵权责任纠纷案件.md;T4_004_审理垄断民事纠纷案件适用法律.md;T4_005_审理侵犯专利权纠纷案件应用法.md;T4_010_审理侵害植物新品种权纠纷案件.md;T4_018_适用中华人民共和国反不正当竞.md;T4_913_审理生态环境侵权责任纠纷案件.md
1170	第一千一百七十条	第七编侵权责任	第一章一般规定	1	1	T2_007_审理道路交通事故损害赔偿案件.md
1171	第一千一百七十一条	第七编侵权责任	第一章一般规定	2	2	T4_003_审理生态环境侵权责任纠纷案件.md;T4_913_审理生态环境侵权责任纠纷案件.md
1172	第一千一百七十二条	第七编侵权责任	第一章一般规定	2	2	T4_003_审理生态环境侵权责任纠纷案件.md;T4_913_审理生态环境侵权责任纠纷案件.md
1173	第一千一百七十三条	第七编侵权责任	第一章一般规定	0	0	
1174	第一千一百七十四条	第七编侵权责任	第一章一般规定	0	0	
1175	第一千一百七十五条	第七编侵权责任	第一章一般规定	0	0	
1176	第一千一百七十六条	第七编侵权责任	第一章一般规定	1	1	T1_001_适用中华人民共和国民法典时间.md
1177	第一千一百七十七条	第七编侵权责任	第一章一般规定	1	1	T1_001_适用中华人民共和国民法典时间.md
1178	第一千一百七十八条	第七编侵权责任	第一章一般规定	0	0	
1179	第一千一百七十九条	第七编侵权责任	第二章损害赔偿	3	3	T2_007_审理道路交通事故损害赔偿案件.md;T4_006_审理生态环境侵权纠纷案件适用.md;T4_910_审理生态环境侵权纠纷案件适用.md
1180	第一千一百八十条	第七编侵权责任	第二章损害赔偿	0	0	
1181	第一千一百八十一条	第七编侵权责任	第二章损害赔偿	0	0	
1182	第一千一百八十二条	第七编侵权责任	第二章损害赔偿	3	2	T2_004_审理使用人脸识别技术处理个人.md;T2_005_审理利用信息网络侵害人身权益.md
1183	第一千一百八十三条	第七编侵权责任	第二章损害赔偿	1	1	T1_005_适用中华人民共和国民法典侵权.md
1184	第一千一百八十四条	第七编侵权责任	第二章损害赔偿	0	0	
1185	第一千一百八十五条	第七编侵权责任	第二章损害赔偿	0	0	
1186	第一千一百八十六条	第七编侵权责任	第二章损害赔偿	0	0	
1187	第一千一百八十七条	第七编侵权责任	第二章损害赔偿	0	0	
1188	第一千一百八十八条	第七编侵权责任	第三章责任主体的特殊规定	0	0	
1189	第一千一百八十九条	第七编侵权责任	第三章责任主体的特殊规定	1	1	T1_005_适用中华人民共和国民法典侵权.md
1190	第一千一百九十条	第七编侵权责任	第三章责任主体的特殊规定	0	0	
1191	第一千一百九十一条	第七编侵权责任	第三章责任主体的特殊规定	3	1	T1_005_适用中华人民共和国民法典侵权.md
1192	第一千一百九十二条	第七编侵权责任	第三章责任主体的特殊规定	0	0	
1193	第一千一百九十三条	第七编侵权责任	第三章责任主体的特殊规定	0	0	
1194	第一千一百九十四条	第七编侵权责任	第三章责任主体的特殊规定	0	0	
1195	第一千一百九十五条	第七编侵权责任	第三章责任主体的特殊规定	4	2	T2_004_审理使用人脸识别技术处理个人.md;T2_005_审理利用信息网络侵害人身权益.md
1196	第一千一百九十六条	第七编侵权责任	第三章责任主体的特殊规定	0	0	
1197	第一千一百九十七条	第七编侵权责任	第三章责任主体的特殊规定	1	1	T2_005_审理利用信息网络侵害人身权益.md
1198	第一千一百九十八条	第七编侵权责任	第三章责任主体的特殊规定	2	1	T1_005_适用中华人民共和国民法典侵权.md
1199	第一千一百九十九条	第七编侵权责任	第三章责任主体的特殊规定	0	0	
1200	第一千二百条	第七编侵权责任	第三章责任主体的特殊规定	0	0	
1201	第一千二百零一条	第七编侵权责任	第三章责任主体的特殊规定	1	1	T1_005_适用中华人民共和国民法典侵权.md
1202	第一千二百零二条	第七编侵权责任	第四章产品责任	1	1	T1_005_适用中华人民共和国民法典侵权.md
1203	第一千二百零三条	第七编侵权责任	第四章产品责任	0	0	
1204	第一千二百零四条	第七编侵权责任	第四章产品责任	0	0	
1205	第一千二百零五条	第七编侵权责任	第四章产品责任	0	0	
1206	第一千二百零六条	第七编侵权责任	第四章产品责任	0	0	
1207	第一千二百零七条	第七编侵权责任	第四章产品责任	0	0	
1208	第一千二百零八条	第七编侵权责任	第五章机动车交通事故责任	0	0	
1209	第一千二百零九条	第七编侵权责任	第五章机动车交通事故责任	1	1	T2_007_审理道路交通事故损害赔偿案件.md
1210	第一千二百一十条	第七编侵权责任	第五章机动车交通事故责任	0	0	
1211	第一千二百一十一条	第七编侵权责任	第五章机动车交通事故责任	0	0	
1212	第一千二百一十二条	第七编侵权责任	第五章机动车交通事故责任	0	0	
1213	第一千二百一十三条	第七编侵权责任	第五章机动车交通事故责任	2	2	T2_007_审理道路交通事故损害赔偿案件.md;T2_014_审理道路交通事故损害赔偿案件.md
1214	第一千二百一十四条	第七编侵权责任	第五章机动车交通事故责任	0	0	
1215	第一千二百一十五条	第七编侵权责任	第五章机动车交通事故责任	0	0	
1216	第一千二百一十六条	第七编侵权责任	第五章机动车交通事故责任	0	0	
1217	第一千二百一十七条	第七编侵权责任	第五章机动车交通事故责任	1	1	T1_001_适用中华人民共和国民法典时间.md
1218	第一千二百一十八条	第七编侵权责任	第六章医疗损害责任	1	1	T2_003_审理医疗损害责任纠纷案件适用.md
1219	第一千二百一十九条	第七编侵权责任	第六章医疗损害责任	2	1	T2_003_审理医疗损害责任纠纷案件适用.md
1220	第一千二百二十条	第七编侵权责任	第六章医疗损害责任	2	1	T2_003_审理医疗损害责任纠纷案件适用.md
1221	第一千二百二十一条	第七编侵权责任	第六章医疗损害责任	0	0	
1222	第一千二百二十二条	第七编侵权责任	第六章医疗损害责任	2	1	T2_003_审理医疗损害责任纠纷案件适用.md
1223	第一千二百二十三条	第七编侵权责任	第六章医疗损害责任	1	1	T2_003_审理医疗损害责任纠纷案件适用.md
1224	第一千二百二十四条	第七编侵权责任	第六章医疗损害责任	1	1	T2_003_审理医疗损害责任纠纷案件适用.md
1225	第一千二百二十五条	第七编侵权责任	第六章医疗损害责任	0	0	
1226	第一千二百二十六条	第七编侵权责任	第六章医疗损害责任	0	0	
1227	第一千二百二十七条	第七编侵权责任	第六章医疗损害责任	0	0	
1228	第一千二百二十八条	第七编侵权责任	第六章医疗损害责任	0	0	
1229	第一千二百二十九条	第七编侵权责任	第七章环境污染和生态破坏责任	0	0	
1230	第一千二百三十条	第七编侵权责任	第七章环境污染和生态破坏责任	0	0	
1231	第一千二百三十一条	第七编侵权责任	第七章环境污染和生态破坏责任	0	0	
1232	第一千二百三十二条	第七编侵权责任	第七章环境污染和生态破坏责任	2	2	T4_006_审理生态环境侵权纠纷案件适用.md;T4_910_审理生态环境侵权纠纷案件适用.md
1233	第一千二百三十三条	第七编侵权责任	第七章环境污染和生态破坏责任	0	0	
1234	第一千二百三十四条	第七编侵权责任	第七章环境污染和生态破坏责任	3	3	T4_002_审理森林资源民事纠纷案件适用.md;T4_906_审理森林资源民事纠纷案件适用.md;T4_911_生态环境侵权案件适用禁止令保.md
1235	第一千二百三十五条	第七编侵权责任	第七章环境污染和生态破坏责任	6	6	T3_004_生态环境侵权民事诉讼证据的若.md;T4_002_审理森林资源民事纠纷案件适用.md;T4_003_审理生态环境侵权责任纠纷案件.md;T4_906_审理森林资源民事纠纷案件适用.md;T4_912_生态环境侵权民事诉讼证据的若.md;T4_913_审理生态环境侵权责任纠纷案件.md
1236	第一千二百三十六条	第七编侵权责任	第八章高度危险责任	0	0	
1237	第一千二百三十七条	第七编侵权责任	第八章高度危险责任	0	0	
1238	第一千二百三十八条	第七编侵权责任	第八章高度危险责任	0	0	
1239	第一千二百三十九条	第七编侵权责任	第八章高度危险责任	0	0	
1240	第一千二百四十条	第七编侵权责任	第八章高度危险责任	0	0	
1241	第一千二百四十一条	第七编侵权责任	第八章高度危险责任	0	0	
1242	第一千二百四十二条	第七编侵权责任	第八章高度危险责任	0	0	
1243	第一千二百四十三条	第七编侵权责任	第八章高度危险责任	1	1	T2_007_审理道路交通事故损害赔偿案件.md
1244	第一千二百四十四条	第七编侵权责任	第八章高度危险责任	0	0	
1245	第一千二百四十五条	第七编侵权责任	第九章饲养动物损害责任	0	0	
1246	第一千二百四十六条	第七编侵权责任	第九章饲养动物损害责任	0	0	
1247	第一千二百四十七条	第七编侵权责任	第九章饲养动物损害责任	0	0	
1248	第一千二百四十八条	第七编侵权责任	第九章饲养动物损害责任	0	0	
1249	第一千二百四十九条	第七编侵权责任	第九章饲养动物损害责任	0	0	
1250	第一千二百五十条	第七编侵权责任	第九章饲养动物损害责任	0	0	
1251	第一千二百五十一条	第七编侵权责任	第九章饲养动物损害责任	0	0	
1252	第一千二百五十二条	第七编侵权责任	第十章建筑物和物件损害责任	0	0	
1253	第一千二百五十三条	第七编侵权责任	第十章建筑物和物件损害责任	0	0	
1254	第一千二百五十四条	第七编侵权责任	第十章建筑物和物件损害责任	1	1	T1_001_适用中华人民共和国民法典时间.md
1255	第一千二百五十五条	第七编侵权责任	第十章建筑物和物件损害责任	0	0	
1256	第一千二百五十六条	第七编侵权责任	第十章建筑物和物件损害责任	0	0	
1257	第一千二百五十七条	第七编侵权责任	第十章建筑物和物件损害责任	0	0	
1258	第一千二百五十八条	第七编侵权责任	第十章建筑物和物件损害责任	0	0	
1259	第一千二百五十九条	附则		0	0	
1260	第一千二百六十条	附则		0	0	
