file	doc	tiao	text
T1_001_适用中华人民共和国民法典时间.md	最高人民法院关于适用《中华人民共和国民法典》时间效力的若干规定	第一条	民法典施行后的法律事实引起的民事纠纷案件，适用民法典的规定。 民法典施行前的法律事实引起的民事纠纷案件，适用当时的法律、司法解释的规定，但是法律、司法解释另有规定的除外。 民法典施行前的法律事实持续至民法典施行后，该法律事实引起的民事纠纷案件，适用民法典的规定，但是法律、司法解释另有规定的除外。
T1_001_适用中华人民共和国民法典时间.md	最高人民法院关于适用《中华人民共和国民法典》时间效力的若干规定	第二条	民法典施行前的法律事实引起的民事纠纷案件，当时的法律、司法解释有规定，适用当时的法律、司法解释的规定，但是适用民法典的规定更有利于保护民事主体合法权益，更有利于维护社会和经济秩序，更有利于弘扬社会主义核心价值观的除外。
T1_001_适用中华人民共和国民法典时间.md	最高人民法院关于适用《中华人民共和国民法典》时间效力的若干规定	第三条	民法典施行前的法律事实引起的民事纠纷案件，当时的法律、司法解释没有规定而民法典有规定的，可以适用民法典的规定，但是明显减损当事人合法权益、增加当事人法定义务或者背离当事人合理预期的除外。
T1_001_适用中华人民共和国民法典时间.md	最高人民法院关于适用《中华人民共和国民法典》时间效力的若干规定	第四条	民法典施行前的法律事实引起的民事纠纷案件，当时的法律、司法解释仅有原则性规定而民法典有具体规定的，适用当时的法律、司法解释的规定，但是可以依据民法典具体规定进行裁判说理。
T1_001_适用中华人民共和国民法典时间.md	最高人民法院关于适用《中华人民共和国民法典》时间效力的若干规定	第五条	民法典施行前已经终审的案件，当事人申请再审或者按照审判监督程序决定再审的，不适用民法典的规定。 二、溯及适用的具体规定
T1_001_适用中华人民共和国民法典时间.md	最高人民法院关于适用《中华人民共和国民法典》时间效力的若干规定	第六条	《中华人民共和国民法总则》施行前，侵害英雄烈士等的姓名、肖像、名誉、荣誉，损害社会公共利益引起的民事纠纷案件，适用民法典第一百八十五条的规定。
T1_001_适用中华人民共和国民法典时间.md	最高人民法院关于适用《中华人民共和国民法典》时间效力的若干规定	第七条	民法典施行前，当事人在债务履行期限届满前约定债务人不履行到期债务时抵押财产或者质押财产归债权人所有的，适用民法典第四百零一条和第四百二十八条的规定。
T1_001_适用中华人民共和国民法典时间.md	最高人民法院关于适用《中华人民共和国民法典》时间效力的若干规定	第八条	民法典施行前成立的合同，适用当时的法律、司法解释的规定合同无效而适用民法典的规定合同有效的，适用民法典的相关规定。
T1_001_适用中华人民共和国民法典时间.md	最高人民法院关于适用《中华人民共和国民法典》时间效力的若干规定	第九条	民法典施行前订立的合同，提供格式条款一方未履行提示或者说明义务，涉及格式条款效力认定的，适用民法典第四百九十六条的规定。
T1_001_适用中华人民共和国民法典时间.md	最高人民法院关于适用《中华人民共和国民法典》时间效力的若干规定	第十条	民法典施行前，当事人一方未通知对方而直接以提起诉讼方式依法主张解除合同的，适用民法典第五百六十五条第二款的规定。
T1_001_适用中华人民共和国民法典时间.md	最高人民法院关于适用《中华人民共和国民法典》时间效力的若干规定	第十一条	民法典施行前成立的合同，当事人一方不履行非金钱债务或者履行非金钱债务不符合约定，对方可以请求履行，但是有民法典第五百八十条第一款第一项、第二项、第三项除外情形之一，致使不能实现合同目的，当事人请求终止合同权利义务关系的，适用民法典第五百八十条第二款的规定。
T1_001_适用中华人民共和国民法典时间.md	最高人民法院关于适用《中华人民共和国民法典》时间效力的若干规定	第十二条	民法典施行前订立的保理合同发生争议的，适用民法典第三编第十六章的规定。
T1_001_适用中华人民共和国民法典时间.md	最高人民法院关于适用《中华人民共和国民法典》时间效力的若干规定	第十三条	民法典施行前，继承人有民法典第一千一百二十五条第一款第四项和第五项规定行为之一，对该继承人是否丧失继承权发生争议的，适用民法典第一千一百二十五条第一款和第二款的规定。 民法典施行前，受遗赠人有民法典第一千一百二十五条第一款规定行为之一，对受遗赠人是否丧失受遗赠权发生争议的，适用民法典第一千一百二十五条第一款和第三款的规定。
T1_001_适用中华人民共和国民法典时间.md	最高人民法院关于适用《中华人民共和国民法典》时间效力的若干规定	第十四条	被继承人在民法典施行前死亡，遗产无人继承又无人受遗赠，其兄弟姐妹的子女请求代位继承的，适用民法典第一千一百二十八条第二款和第三款的规定，但是遗产已经在民法典施行前处理完毕的除外。
T1_001_适用中华人民共和国民法典时间.md	最高人民法院关于适用《中华人民共和国民法典》时间效力的若干规定	第十五条	民法典施行前，遗嘱人以打印方式立的遗嘱，当事人对该遗嘱效力发生争议的，适用民法典第一千一百三十六条的规定，但是遗产已经在民法典施行前处理完毕的除外。
T1_001_适用中华人民共和国民法典时间.md	最高人民法院关于适用《中华人民共和国民法典》时间效力的若干规定	第十六条	民法典施行前，受害人自愿参加具有一定风险的文体活动受到损害引起的民事纠纷案件，适用民法典第一千一百七十六条的规定。
T1_001_适用中华人民共和国民法典时间.md	最高人民法院关于适用《中华人民共和国民法典》时间效力的若干规定	第十七条	民法典施行前，受害人为保护自己合法权益采取扣留侵权人的财物等措施引起的民事纠纷案件，适用民法典第一千一百七十七条的规定。
T1_001_适用中华人民共和国民法典时间.md	最高人民法院关于适用《中华人民共和国民法典》时间效力的若干规定	第十八条	民法典施行前，因非营运机动车发生交通事故造成无偿搭乘人损害引起的民事纠纷案件，适用民法典第一千二百一十七条的规定。
T1_001_适用中华人民共和国民法典时间.md	最高人民法院关于适用《中华人民共和国民法典》时间效力的若干规定	第十九条	民法典施行前，从建筑物中抛掷物品或者从建筑物上坠落的物品造成他人损害引起的民事纠纷案件，适用民法典第一千二百五十四条的规定。 三、衔接适用的具体规定
T1_001_适用中华人民共和国民法典时间.md	最高人民法院关于适用《中华人民共和国民法典》时间效力的若干规定	第二十条	民法典施行前成立的合同，依照法律规定或者当事人约定该合同的履行持续至民法典施行后，因民法典施行前履行合同发生争议的，适用当时的法律、司法解释的规定；因民法典施行后履行合同发生争议的，适用民法典第三编第四章和第五章的相关规定。
T1_001_适用中华人民共和国民法典时间.md	最高人民法院关于适用《中华人民共和国民法典》时间效力的若干规定	第二十一条	民法典施行前租赁期限届满，当事人主张适用民法典第七百三十四条第二款规定的，人民法院不予支持；租赁期限在民法典施行后届满，当事人主张适用民法典第七百三十四条第二款规定的，人民法院依法予以支持。
T1_001_适用中华人民共和国民法典时间.md	最高人民法院关于适用《中华人民共和国民法典》时间效力的若干规定	第二十二条	民法典施行前，经人民法院判决不准离婚后，双方又分居满一年，一方再次提起离婚诉讼的，适用民法典第一千零七十九条第五款的规定。
T1_001_适用中华人民共和国民法典时间.md	最高人民法院关于适用《中华人民共和国民法典》时间效力的若干规定	第二十三条	被继承人在民法典施行前立有公证遗嘱，民法典施行后又立有新遗嘱，其死亡后，因该数份遗嘱内容相抵触发生争议的，适用民法典第一千一百四十二条第三款的规定。
T1_001_适用中华人民共和国民法典时间.md	最高人民法院关于适用《中华人民共和国民法典》时间效力的若干规定	第二十四条	侵权行为发生在民法典施行前，但是损害后果出现在民法典施行后的民事纠纷案件，适用民法典的规定。
T1_001_适用中华人民共和国民法典时间.md	最高人民法院关于适用《中华人民共和国民法典》时间效力的若干规定	第二十五条	民法典施行前成立的合同，当时的法律、司法解释没有规定且当事人没有约定解除权行使期限，对方当事人也未催告的，解除权人在民法典施行前知道或者应当知道解除事由，自民法典施行之日起一年内不行使的，人民法院应当依法认定该解除权消灭；解除权人在民法典施行后知道或者应当知道解除事由的，适用民法典第五百六十四条第二款关于解除权行使期限的规定。
T1_001_适用中华人民共和国民法典时间.md	最高人民法院关于适用《中华人民共和国民法典》时间效力的若干规定	第二十六条	当事人以民法典施行前受胁迫结婚为由请求人民法院撤销婚姻的，撤销权的行使期限适用民法典第一千零五十二条第二款的规定。
T1_001_适用中华人民共和国民法典时间.md	最高人民法院关于适用《中华人民共和国民法典》时间效力的若干规定	第二十七条	民法典施行前成立的保证合同，当事人对保证期间约定不明确，主债务履行期限届满至民法典施行之日不满二年，当事人主张保证期间为主债务履行期限届满之日起二年的，人民法院依法予以支持；当事人对保证期间没有约定，主债务履行期限届满至民法典施行之日不满六个月，当事人主张保证期间为主债务履行期限届满之日起六个月的，人民法院依法予以支持。
T1_001_适用中华人民共和国民法典时间.md	最高人民法院关于适用《中华人民共和国民法典》时间效力的若干规定	第二十八条	本规定自2021年1月1日起施行。 本规定施行后，人民法院尚未审结的一审、二审案件适用本规定。
T1_002_适用中华人民共和国民法典合同.md	最高人民法院关于适用《中华人民共和国民法典》合同编通则若干问题的解释	第二十四条	合同不成立、无效、被撤销或者确定不发生效力，当事人请求返还财产，经审查财产能够返还的，人民法院应当根据案件具体情况，单独或者合并适用返还占有的标的物、更正登记簿册记载等方式；经审查财产不能返还或者没有必要返还的，人民法院应当以认定合同不成立、无效、被撤销或者确定不发生效力之日该财产的市场价值或者以其他合理方式计算的价值为基准判决折价补偿。 除前款规定的情形外
T1_002_适用中华人民共和国民法典合同.md	最高人民法院关于适用《中华人民共和国民法典》合同编通则若干问题的解释	第六十七条	当事人交付留置金、担保金、保证金、订约金、押金或者订金等，但是没有约定定金性质，一方主张适用民法典第五百八十七条规定的定金罚则的，人民法院不予支持。当事人约定了定金性质，但是未约定定金类型或者约定不明，一方主张为违约定金的，人民法院应予支持。 当事人约定以交付定金作为订立合同的担保，一方拒绝订立合同或者在磋商订立合同时违背诚信原则导致未能订立合同，对方主张适
T1_002_适用中华人民共和国民法典合同.md	最高人民法院关于适用《中华人民共和国民法典》合同编通则若干问题的解释	第六十九条	本解释自2023年12月5日起施行。 民法典施行后的法律事实引起的民事案件，本解释施行后尚未终审的，适用本解释；本解释施行前已经终审，当事人申请再审或者按照审判监督程序决定再审的，不适用本解释。
T1_004_适用中华人民共和国民法典总则.md	最高人民法院关于适用《中华人民共和国民法典》总则编若干问题的解释	第七条	担任监护人的被监护人父母通过遗嘱指定监护人，遗嘱生效时被指定的人不同意担任监护人的，人民法院应当适用民法典第二十七条、第二十八条的规定确定监护人。 未成年人由父母担任监护人，父母中的一方通过遗嘱指定监护人，另一方在遗嘱生效时有监护能力，有关当事人对监护人的确定有争议的，人民法院应当适用民法典第二十七条第一款的规定确定监护人。
T1_004_适用中华人民共和国民法典总则.md	最高人民法院关于适用《中华人民共和国民法典》总则编若干问题的解释	第三十九条	本解释自2022年3月1日起施行。 民法典施行后的法律事实引起的民事案件，本解释施行后尚未终审的，适用本解释；本解释施行前已经终审，当事人申请再审或者按照审判监督程序决定再审的，不适用本解释。
T1_005_适用中华人民共和国民法典侵权.md	最高人民法院关于适用《中华人民共和国民法典》侵权责任编的解释（一）	第二十六条	本解释自2024年9月27日起施行。 本解释施行后，人民法院尚未审结的一审、二审案件适用本解释。本解释施行前已经终审，当事人申请再审或者按照审判监督程序决定再审的，适用当时的法律、司法解释规定。
T1_008_适用中华人民共和国民法典有关.md	最高人民法院关于适用《中华人民共和国民法典》有关担保制度的解释	第七条	公司的法定代表人违反公司法关于公司对外担保决议程序的规定，超越权限代表公司与相对人订立担保合同，人民法院应当依照民法典第六十一条和第五百零四条等规定处理： （一）相对人善意的，担保合同对公司发生效力；相对人请求公司承担担保责任的，人民法院应予支持。 （二）相对人非善意的，担保合同对公司不发生效力；相对人请求公司承担赔偿责任的，参照适用本解释第十七条的有关规定
T1_008_适用中华人民共和国民法典有关.md	最高人民法院关于适用《中华人民共和国民法典》有关担保制度的解释	第九条	相对人根据上市公司公开披露的关于担保事项已经董事会或者股东大会决议通过的信息，与上市公司订立担保合同，相对人主张担保合同对上市公司发生效力，并由上市公司承担担保责任的，人民法院应予支持。 相对人未根据上市公司公开披露的关于担保事项已经董事会或者股东大会决议通过的信息，与上市公司订立担保合同，上市公司主张担保合同对其不发生效力，且不承担担保责任或者赔偿责任的，
T1_010_审理民事案件适用诉讼时效制度.md	最高人民法院关于审理民事案件适用诉讼时效制度若干问题的规定	第十三条	权利人向公安机关、人民检察院、人民法院报案或者控告，请求保护其民事权利的，诉讼时效从其报案或者控告之日起中断。 上述机关决定不立案、撤销案件、不起诉的，诉讼时效期间从权利人知道或者应当知道不立案、撤销案件或者不起诉之日起重新计算；刑事案件进入审理阶段，诉讼时效期间从刑事裁判文书生效之日起重新计算。
T1_010_审理民事案件适用诉讼时效制度.md	最高人民法院关于审理民事案件适用诉讼时效制度若干问题的规定	第二十条	本规定施行后，案件尚在一审或者二审阶段的，适用本规定；本规定施行前已经终审的案件，人民法院进行再审时，不适用本规定。
T1_010_审理民事案件适用诉讼时效制度.md	最高人民法院关于审理民事案件适用诉讼时效制度若干问题的规定	第二十一条	本规定施行前本院作出的有关司法解释与本规定相抵触的，以本规定为准。
T1_012_适用中华人民共和国公司法时间.md	最高人民法院关于适用《中华人民共和国公司法》时间效力的若干规定	第一条	公司法施行后的法律事实引起的民事纠纷案件，适用公司法的规定。 公司法施行前的法律事实引起的民事纠纷案件，当时的法律、司法解释有规定的，适用当时的法律、司法解释的规定，但是适用公司法更有利于实现其立法目的，适用公司法的规定： （一）公司法施行前，公司的股东会召集程序不当，未被通知参加会议的股东自决议作出之日起一年内请求人民法院撤销的，适用公司法第二十六条第二款
T1_012_适用中华人民共和国公司法时间.md	最高人民法院关于适用《中华人民共和国公司法》时间效力的若干规定	第二条	公司法施行前与公司有关的民事法律行为，依据当时的法律、司法解释认定无效而依据公司法认定有效，因民事法律行为效力发生争议的下列情形，适用公司法的规定： （一）约定公司对所投资企业债务承担连带责任，对该约定效力发生争议的，适用公司法第十四条第二款的规定； （二）公司作出使用资本公积金弥补亏损的公司决议，对该决议效力发生争议的，适用公司法第二百一十四条的规定； （
T1_012_适用中华人民共和国公司法时间.md	最高人民法院关于适用《中华人民共和国公司法》时间效力的若干规定	第三条	公司法施行前订立的与公司有关的合同，合同的履行持续至公司法施行后，因公司法施行前的履行行为发生争议的，适用当时的法律、司法解释的规定；因公司法施行后的履行行为发生争议的下列情形，适用公司法的规定： （一）代持上市公司股票合同，适用公司法第一百四十条第二款的规定； （二）上市公司控股子公司取得该上市公司股份合同，适用公司法第一百四十一条的规定； （三）股份有限
T1_012_适用中华人民共和国公司法时间.md	最高人民法院关于适用《中华人民共和国公司法》时间效力的若干规定	第四条	公司法施行前的法律事实引起的民事纠纷案件，当时的法律、司法解释没有规定而公司法作出规定的下列情形，适用公司法的规定： （一）股东转让未届出资期限的股权，受让人未按期足额缴纳出资的，关于转让人、受让人出资责任的认定，适用公司法第八十八条第一款的规定； （二）有限责任公司的控股股东滥用股东权利，严重损害公司或者其他股东利益，其他股东请求公司按照合理价格收购其股权
T1_012_适用中华人民共和国公司法时间.md	最高人民法院关于适用《中华人民共和国公司法》时间效力的若干规定	第五条	公司法施行前的法律事实引起的民事纠纷案件，当时的法律、司法解释已有原则性规定，公司法作出具体规定的下列情形，适用公司法的规定： （一）股份有限公司章程对股份转让作了限制规定，因该规定发生争议的，适用公司法第一百五十七条的规定； （二）对公司监事实施挪用公司资金等禁止性行为、违法关联交易、不当谋取公司商业机会、经营限制的同类业务的赔偿责任认定，分别适用公司法第
T1_012_适用中华人民共和国公司法时间.md	最高人民法院关于适用《中华人民共和国公司法》时间效力的若干规定	第六条	应当进行清算的法律事实发生在公司法施行前，因清算责任发生争议的，适用当时的法律、司法解释的规定。 应当清算的法律事实发生在公司法施行前，但至公司法施行日未满十五日的，适用公司法第二百三十二条的规定，清算义务人履行清算义务的期限自公司法施行日重新起算。
T1_012_适用中华人民共和国公司法时间.md	最高人民法院关于适用《中华人民共和国公司法》时间效力的若干规定	第七条	公司法施行前已经终审的民事纠纷案件，当事人申请再审或者人民法院按照审判监督程序决定再审的，适用当时的法律、司法解释的规定。
T2_001_审理技术合同纠纷案件适用法律.md	最高人民法院关于审理技术合同纠纷案件适用法律若干问题的解释	第二十九条	当事人之间就申请专利的技术成果所订立的许可使用合同，专利申请公开以前，适用技术秘密许可合同的有关规定；发明专利申请公开以后、授权以前，参照适用专利实施许可合同的有关规定；授权以后，原合同即为专利实施许可合同，适用专利实施许可合同的有关规定。 人民法院不以当事人就已经申请专利但尚未授权的技术订立专利实施许可合同为由，认定合同无效。 四、技术咨询合同和技术服务合
T2_002_审理买卖合同纠纷案件适用法律.md	最高人民法院关于审理买卖合同纠纷案件适用法律问题的解释	第三十三条	本解释施行前本院发布的有关购销合同、销售合同等有偿转移标的物所有权的合同的规定，与本解释抵触的，自本解释施行之日起不再适用。 本解释施行后尚未终审的买卖合同纠纷案件，适用本解释；本解释施行前已经终审，当事人申请再审或者按照审判监督程序决定再审的，不适用本解释。
T2_003_审理医疗损害责任纠纷案件适用.md	最高人民法院关于审理医疗损害责任纠纷案件适用法律若干问题的解释	第二十六条	本院以前发布的司法解释与本解释不一致的，以本解释为准。 本解释施行后尚未终审的案件，适用本解释；本解释施行前已经终审，当事人申请再审或者按照审判监督程序决定再审的案件，不适用本解释。
T2_004_审理使用人脸识别技术处理个人.md	最高人民法院关于审理使用人脸识别技术处理个人信息相关民事案件适用法律若干问题的规定	第十六条	本规定自2021年8月1日起施行。 信息处理者使用人脸识别技术处理人脸信息、处理基于人脸识别技术生成的人脸信息的行为发生在本规定施行前的，不适用本规定。
T2_005_审理利用信息网络侵害人身权益.md	最高人民法院关于审理利用信息网络侵害人身权益民事纠纷案件适用法律若干问题的规定	第十三条	本规定施行后人民法院正在审理的一审、二审案件适用本规定。 本规定施行前已经终审，本规定施行后当事人申请再审或者按照审判监督程序决定再审的案件，不适用本规定。
T2_007_审理道路交通事故损害赔偿案件.md	最高人民法院关于审理道路交通事故损害赔偿案件适用法律若干问题的解释	第二十六条	本解释施行后尚未终审的案件，适用本解释；本解释施行前已经终审，当事人申请再审或者按照审判监督程序决定再审的案件，不适用本解释。
T2_008_适用中华人民共和国企业破产法.md	最高人民法院关于适用《中华人民共和国企业破产法》若干问题的规定（二）	第二十一条	破产申请受理前，债权人就债务人财产提起下列诉讼，破产申请受理时案件尚未审结的，人民法院应当中止审理： （一）主张次债务人代替债务人直接向其偿还债务的； （二）主张债务人的出资人、发起人和负有监督股东履行出资义务的董事、高级管理人员，或者协助抽逃出资的其他股东、董事、高级管理人员、实际控制人等直接向其承担出资不实或者抽逃出资责任的； （三）以债务人的股东与债务
T2_008_适用中华人民共和国企业破产法.md	最高人民法院关于适用《中华人民共和国企业破产法》若干问题的规定（二）	第四十八条	本规定施行前本院发布的有关企业破产的司法解释，与本规定相抵触的，自本规定施行之日起不再适用。
T2_009_审理城镇房屋租赁合同纠纷案件.md	最高人民法院关于审理城镇房屋租赁合同纠纷案件具体应用法律若干问题的解释	第十六条	本解释施行前已经终审，本解释施行后当事人申请再审或者按照审判监督程序决定再审的案件，不适用本解释。
T2_010_审理期货纠纷案件若干问题的规.md	最高人民法院关于审理期货纠纷案件若干问题的规定	第六十三条	本规定自2003年7月1日起施行。 2003年7月1日前发生的期货交易行为或者侵权行为，适用当时的有关规定；当时规定不明确的，参照本规定处理。
T2_011_审理民间借贷案件适用法律若干.md	最高人民法院关于审理民间借贷案件适用法律若干问题的规定	第七条	民间借贷纠纷的基本案件事实必须以刑事案件的审理结果为依据，而该刑事案件尚未审结的，人民法院应当裁定中止诉讼。
T2_011_审理民间借贷案件适用法律若干.md	最高人民法院关于审理民间借贷案件适用法律若干问题的规定	第三十一条	本规定施行后，人民法院新受理的一审民间借贷纠纷案件，适用本规定。 2020年8月20日之后新受理的一审民间借贷案件，借贷合同成立于2020年8月20日之前，当事人请求适用当时的司法解释计算自合同成立到2020年8月19日的利息部分的，人民法院应予支持；对于自2020年8月20日到借款返还之日的利息部分，适用起诉时本规定的利率保护标准计算。 本规定施行后，最高
T2_012_审理融资租赁合同纠纷案件适用.md	最高人民法院关于审理融资租赁合同纠纷案件适用法律问题的解释	第十五条	本解释自2014年3月1日起施行。《最高人民法院关于审理融资租赁合同纠纷案件若干问题的规定》（法发〔1996〕19号）同时废止。 本解释施行后尚未终审的融资租赁合同纠纷案件，适用本解释；本解释施行前已经终审，当事人申请再审或者按照审判监督程序决定再审的，不适用本解释。
T2_014_审理道路交通事故损害赔偿案件.md	最高人民法院关于审理道路交通事故损害赔偿案件适用法律若干问题的解释（二）	第十二条	本解释自2026年6月30日起施行。 本解释施行后尚未终审的案件，适用本解释；本解释施行前已经终审，当事人申请再审或者按照审判监督程序决定再审的案件，不适用本解释。
T2_016_审理与企业改制相关的民事纠纷.md	最高人民法院关于审理与企业改制相关的民事纠纷案件若干问题的规定	第三十五条	本规定自二〇〇三年二月一日起施行。在本规定施行前，本院制定的有关企业改制方面的司法解释与本规定相抵触的，不再适用。
T2_017_审理商品房买卖合同纠纷案件适.md	最高人民法院关于审理商品房买卖合同纠纷案件适用法律若干问题的解释	第二十四条	本解释自2003年6月1日起施行。 《中华人民共和国城市房地产管理法》施行后订立的商品房买卖合同发生的纠纷案件，本解释公布施行后尚在一审、二审阶段的，适用本解释。 《中华人民共和国城市房地产管理法》施行后订立的商品房买卖合同发生的纠纷案件，在本解释公布施行前已经终审，当事人申请再审或者按照审判监督程序决定再审的，不适用本解释。 《中华人民共和国城市房地产管理
T2_018_审理旅游纠纷案件适用法律若干.md	最高人民法院关于审理旅游纠纷案件适用法律若干问题的规定	第二十三条	本规定施行前已经终审，本规定施行后当事人申请再审或者按照审判监督程序决定再审的案件，不适用本规定。
T2_019_审理独立保函纠纷案件若干问题.md	最高人民法院关于审理独立保函纠纷案件若干问题的规定	第二十五条	本规定施行后尚未终审的案件，适用本规定；本规定施行前已经终审的案件，当事人申请再审或者人民法院按照审判监督程序再审的，不适用本规定。
T2_020_审理票据纠纷案件若干问题的规.md	最高人民法院关于审理票据纠纷案件若干问题的规定	第六十二条	人民法院审理票据纠纷案件，适用票据法的规定；票据法没有规定的，适用《中华人民共和国民法典》等法律以及国务院制定的行政法规。 中国人民银行制定并公布施行的有关行政规章与法律、行政法规不抵触的，可以参照适用。
T2_020_审理票据纠纷案件若干问题的规.md	最高人民法院关于审理票据纠纷案件若干问题的规定	第六十三条	票据当事人因对金融行政管理部门的具体行政行为不服提起诉讼的，适用《中华人民共和国行政处罚法》、票据法以及《票据管理实施办法》等有关票据管理的规定。 中国人民银行制定并公布施行的有关行政规章与法律、行政法规不抵触的，可以参照适用。
T2_020_审理票据纠纷案件若干问题的规.md	最高人民法院关于审理票据纠纷案件若干问题的规定	第六十四条	人民法院对票据法施行以前已经作出终审裁决的票据纠纷案件进行再审，不适用票据法。 十、法律责任
T2_022_审理证券市场虚假陈述侵权民事.md	最高人民法院关于审理证券市场虚假陈述侵权民事赔偿案件的若干规定	第三十五条	本规定自2022年1月22日起施行。《最高人民法院关于受理证券市场因虚假陈述引发的民事侵权纠纷案件有关问题的通知》《最高人民法院关于审理证券市场因虚假陈述引发的民事赔偿案件的若干规定》同时废止。《最高人民法院关于审理涉及会计师事务所在审计业务活动中民事侵权赔偿案件的若干规定》与本规定不一致的，以本规定为准。 本规定施行后尚未终审的案件，适用本规定。本规定施行
T2_023_审理食品药品纠纷案件适用法律.md	最高人民法院关于审理食品药品纠纷案件适用法律若干问题的规定	第十九条	本规定施行后人民法院正在审理的一审、二审案件适用本规定。 本规定施行前已经终审，本规定施行后当事人申请再审或者按照审判监督程序决定再审的案件，不适用本规定。
T2_024_适用中华人民共和国保险法若干.md	最高人民法院关于适用《中华人民共和国保险法》若干问题的解释（三）	第二十六条	本解释自2015年12月1日起施行。本解释施行后尚未终审的保险合同纠纷案件，适用本解释；本解释施行前已经终审，当事人申请再审或者按照审判监督程序决定再审的案件，不适用本解释。
T2_025_适用中华人民共和国公司法若干.md	最高人民法院关于适用《中华人民共和国公司法》若干问题的规定（二）	第五条	人民法院审理解散公司诉讼案件，应当注重调解。当事人协商同意由公司或者股东收购股份，或者以减资等方式使公司存续，且不违反法律、行政法规强制性规定的，人民法院应予支持。当事人不能协商一致使公司存续的，人民法院应当及时判决。 经人民法院调解公司收购原告股份的，公司应当自调解书生效之日起六个月内将股份转让或者注销。股份转让或者注销之前，原告不得以公司收购其股份为由对
T2_026_适用中华人民共和国公司法若干.md	最高人民法院关于适用《中华人民共和国公司法》若干问题的规定（五）	第六条	本规定自2019年4月29日起施行。 本规定施行后尚未终审的案件，适用本规定；本规定施行前已经终审的案件，或者适用审判监督程序再审的案件，不适用本规定。 本院以前发布的司法解释与本规定不一致的，以本规定为准。
T2_027_适用中华人民共和国公司法若干.md	最高人民法院关于适用《中华人民共和国公司法》若干问题的规定（四）	第二十七条	本规定自2017年9月1日起施行。 本规定施行后尚未终审的案件，适用本规定；本规定施行前已经终审的案件，或者适用审判监督程序再审的案件，不适用本规定。
T2_029_审理人身损害赔偿案件适用法律.md	最高人民法院关于审理人身损害赔偿案件适用法律若干问题的解释	第二十四条	本解释自2022年5月1日起施行。施行后发生的侵权行为引起的人身损害赔偿案件适用本解释。 本院以前发布的司法解释与本解释不一致的，以本解释为准。
T2_030_审理劳动争议案件适用法律问题.md	最高人民法院关于审理劳动争议案件适用法律问题的解释（一）	第四十八条	劳动合同法施行后，因用人单位经营期限届满不再继续经营导致劳动合同不能继续履行，劳动者请求用人单位支付经济补偿的，人民法院应予支持。
T2_031_审理劳动争议案件适用法律问题.md	最高人民法院关于审理劳动争议案件适用法律问题的解释（二）	第二十一条	本解释自2025年9月1日起施行。《最高人民法院关于审理劳动争议案件适用法律问题的解释（一）》（法释〔2020〕26号）第三十二条第一款同时废止。最高人民法院此前发布的司法解释与本解释不一致的，以本解释为准。
T2_033_审理涉彩礼纠纷案件适用法律若.md	最高人民法院关于审理涉彩礼纠纷案件适用法律若干问题的规定	第七条	本规定自2024年2月1日起施行。 本规定施行后，人民法院尚未审结的一审、二审案件适用本规定。本规定施行前已经终审、施行后当事人申请再审或者按照审判监督程序决定再审的案件，不适用本规定。
T2_034_审理物业服务纠纷案件适用法律.md	最高人民法院关于审理物业服务纠纷案件适用法律若干问题的解释	第五条	本解释自2009年10月1日起施行。 本解释施行前已经终审，本解释施行后当事人申请再审或者按照审判监督程序决定再审的案件，不适用本解释。
T2_035_审理食品药品惩罚性赔偿纠纷案.md	最高人民法院关于审理食品药品惩罚性赔偿纠纷案件适用法律若干问题的解释	第十九条	本解释自2024年8月22日起施行。 本解释施行后尚未终审的民事案件，适用本解释；本解释施行前已经终审，当事人申请再审或者按照审判监督程序决定再审的民事案件，不适用本解释。
T2_038_适用中华人民共和国保险法若干.md	最高人民法院关于适用《中华人民共和国保险法》若干问题的解释（二）	第二十一条	本解释施行后尚未终审的保险合同纠纷案件，适用本解释；本解释施行前已经终审，当事人申请再审或者按照审判监督程序决定再审的案件，不适用本解释。
T2_039_适用中华人民共和国保险法若干.md	最高人民法院关于适用《中华人民共和国保险法》若干问题的解释（四）	第二十一条	本解释自2018年9月1日起施行。 本解释施行后人民法院正在审理的一审、二审案件，适用本解释；本解释施行前已经终审，当事人申请再审或者按照审判监督程序决定再审的案件，不适用本解释。
T2_040_中华人民共和国企业破产法施行.md	最高人民法院关于《中华人民共和国企业破产法》施行时尚未审结的企业破产案件适用法律若干问题的规定	第二条	清算组在企业破产法施行前未通知或者答复未履行完毕合同的对方当事人解除或者继续履行合同的，从企业破产法施行之日起计算，在该法第十八条第一款规定的期限内未通知或者答复的，视为解除合同。
T2_040_中华人民共和国企业破产法施行.md	最高人民法院关于《中华人民共和国企业破产法》施行时尚未审结的企业破产案件适用法律若干问题的规定	第三条	已经成立清算组的，企业破产法施行后，人民法院可以指定该清算组为管理人。 尚未成立清算组的，人民法院应当依照企业破产法和《最高人民法院关于审理企业破产案件指定管理人的规定》及时指定管理人。
T2_040_中华人民共和国企业破产法施行.md	最高人民法院关于《中华人民共和国企业破产法》施行时尚未审结的企业破产案件适用法律若干问题的规定	第四条	债权人主张对债权债务抵销的，应当符合企业破产法第四十条规定的情形；但企业破产法施行前，已经依据有关法律规定抵销的除外。
T2_040_中华人民共和国企业破产法施行.md	最高人民法院关于《中华人民共和国企业破产法》施行时尚未审结的企业破产案件适用法律若干问题的规定	第六条	人民法院尚未宣告债务人破产的，应当适用企业破产法第四十六条的规定确认债权利息；已经宣告破产的，依据企业破产法施行前的法律规定确认债权利息。
T2_040_中华人民共和国企业破产法施行.md	最高人民法院关于《中华人民共和国企业破产法》施行时尚未审结的企业破产案件适用法律若干问题的规定	第十一条	有财产担保的债权人未放弃优先受偿权利的，对于企业破产法第六十一条第一款第七项、第十项规定以外的事项享有表决权。但该债权人对于企业破产法施行前已经表决的事项主张行使表决权，或者以其未行使表决权为由请求撤销债权人会议决议的，人民法院不予支持。
T2_040_中华人民共和国企业破产法施行.md	最高人民法院关于《中华人民共和国企业破产法》施行时尚未审结的企业破产案件适用法律若干问题的规定	第十三条	债权人对于财产分配方案的裁定不服，已经申诉的，由上一级人民法院依据申诉程序继续审理；企业破产法施行后提起申诉的，人民法院应当告知其依据企业破产法第六十六条的规定申请复议。 债权人对于人民法院作出的债务人财产管理方案的裁定或者破产财产变价方案的裁定不服，向受理破产申请的人民法院申请复议的，人民法院应当依据企业破产法第六十六条的规定予以受理。 债权人或者债务人对
T2_040_中华人民共和国企业破产法施行.md	最高人民法院关于《中华人民共和国企业破产法》施行时尚未审结的企业破产案件适用法律若干问题的规定	第十四条	企业破产法施行后，破产人的职工依据企业破产法第一百三十二条的规定主张权利的，人民法院应予支持。
T2_040_中华人民共和国企业破产法施行.md	最高人民法院关于《中华人民共和国企业破产法》施行时尚未审结的企业破产案件适用法律若干问题的规定	第十六条	本规定施行前本院作出的有关司法解释与本规定相抵触的，人民法院审理尚未审结的企业破产案件不再适用。
T2_042_上海金融法院案件管辖的规定.md	最高人民法院关于上海金融法院案件管辖的规定	第十一条	上海市各中级人民法院在上海金融法院成立前已经受理但尚未审结的金融民商事案件和涉金融行政案件，由该中级人民法院继续审理。
T2_051_北京金融法院案件管辖的规定.md	最高人民法院关于北京金融法院案件管辖的规定	第十二条	北京市各中级人民法院在北京金融法院成立前已经受理但尚未审结的金融民商事案件和涉金融行政案件，由该中级人民法院继续审理。
T2_057_审理企业破产案件若干问题的规.md	最高人民法院关于审理企业破产案件若干问题的规定	第二十条	人民法院受理企业破产案件后，对债务人财产的其他民事执行程序应当中止。 以债务人为被告的其他债务纠纷案件，根据下列不同情况分别处理： （一）已经审结但未执行完毕的，应当中止执行，由债权人凭生效的法律文书向受理破产案件的人民法院申报债权。 （二）尚未审结且无其他被告和无独立请求权的第三人的，应当中止诉讼，由债权人向受理破产案件的人民法院申报债权。在企业被宣告破产
T2_057_审理企业破产案件若干问题的规.md	最高人民法院关于审理企业破产案件若干问题的规定	第五十五条	下列债权属于破产债权： （一）破产宣告前发生的无财产担保的债权； （二）破产宣告前发生的虽有财产担保但是债权人放弃优先受偿的债权； （三）破产宣告前发生的虽有财产担保但是债权数额超过担保物价值部分的债权； （四）票据出票人被宣告破产，付款人或者承兑人不知其事实而向持票人付款或者承兑所产生的债权； （五）清算组解除合同，对方当事人依法或者依照合同约定产生的对债
T2_057_审理企业破产案件若干问题的规.md	最高人民法院关于审理企业破产案件若干问题的规定	第一百零六条	本规定自2002年9月1日起施行。在本规定发布前制定的有关审理企业破产案件的司法解释，与本规定相抵触的，不再适用。
T2_061_审理期货纠纷案件若干问题的规.md	最高人民法院关于审理期货纠纷案件若干问题的规定（二）	第九条	本规定施行前已经受理的上述案件不再移送。
T2_061_审理期货纠纷案件若干问题的规.md	最高人民法院关于审理期货纠纷案件若干问题的规定（二）	第十条	本规定施行前本院作出的有关司法解释与本规定不一致的，以本规定为准。
T2_065_成渝金融法院案件管辖的规定.md	最高人民法院关于成渝金融法院案件管辖的规定	第六条	重庆市以及四川省属于成渝地区双城经济圈范围内应由中级人民法院受理的金融民商事案件、涉金融行政案件的申请再审和再审案件，由成渝金融法院审理。 本规定施行前已生效金融民商事案件、涉金融行政案件的申请再审和再审案件，仍由原再审管辖法院审理。
T2_065_成渝金融法院案件管辖的规定.md	最高人民法院关于成渝金融法院案件管辖的规定	第十条	重庆市以及四川省属于成渝地区双城经济圈范围内各中级人民法院在本规定施行前已经受理但尚未审结的金融民商事案件和涉金融行政案件，由该中级人民法院继续审理。
T2_067_涉外民商事案件管辖若干问题的.md	最高人民法院关于涉外民商事案件管辖若干问题的规定	第八条	本规定自2023年1月1日起施行。本规定施行后受理的案件适用本规定。
T2_068_涉外民商事案件诉讼管辖若干问.md	最高人民法院关于涉外民商事案件诉讼管辖若干问题的规定	第七条	本规定于2002年3月1日起施行。本规定施行前已经受理的案件由原受理人民法院继续审理。 本规定发布前的有关司法解释、规定与本规定不一致的，以本规定为准。
T2_069_证券纠纷代表人诉讼若干问题的.md	最高人民法院关于证券纠纷代表人诉讼若干问题的规定	第二十九条	符合权利人范围但未参加登记的投资者提起诉讼，且主张的事实和理由与代表人诉讼生效判决、裁定所认定的案件基本事实和法律适用相同的，人民法院审查具体诉讼请求后，裁定适用已经生效的判决、裁定。适用已经生效裁判的裁定中应当明确被告赔偿的金额，裁定一经作出立即生效。 代表人诉讼调解结案的，人民法院对后续涉及同一证券违法事实的案件可以引导当事人先行调解。
T2_069_证券纠纷代表人诉讼若干问题的.md	最高人民法院关于证券纠纷代表人诉讼若干问题的规定	第四十一条	人民法院审理特别代表人诉讼案件，本部分没有规定的，适用普通代表人诉讼中关于起诉时当事人人数尚未确定的代表人诉讼的相关规定。
T2_071_适用中华人民共和国保险法若干.md	最高人民法院关于适用《中华人民共和国保险法》若干问题的解释（一）	第一条	保险法施行后成立的保险合同发生的纠纷，适用保险法的规定。保险法施行前成立的保险合同发生的纠纷，除本解释另有规定外，适用当时的法律规定；当时的法律没有规定的，参照适用保险法的有关规定。 认定保险合同是否成立，适用合同订立时的法律。
T2_071_适用中华人民共和国保险法若干.md	最高人民法院关于适用《中华人民共和国保险法》若干问题的解释（一）	第二条	对于保险法施行前成立的保险合同，适用当时的法律认定无效而适用保险法认定有效的，适用保险法的规定。
T2_071_适用中华人民共和国保险法若干.md	最高人民法院关于适用《中华人民共和国保险法》若干问题的解释（一）	第三条	保险合同成立于保险法施行前而保险标的转让、保险事故、理赔、代位求偿等行为或事件，发生于保险法施行后的，适用保险法的规定。
T2_071_适用中华人民共和国保险法若干.md	最高人民法院关于适用《中华人民共和国保险法》若干问题的解释（一）	第四条	保险合同成立于保险法施行前，保险法施行后，保险人以投保人未履行如实告知义务或者申报被保险人年龄不真实为由，主张解除合同的，适用保险法的规定。
T2_071_适用中华人民共和国保险法若干.md	最高人民法院关于适用《中华人民共和国保险法》若干问题的解释（一）	第五条	保险法施行前成立的保险合同，下列情形下的期间自2009年10月1日起计算： （一）保险法施行前，保险人收到赔偿或者给付保险金的请求，保险法施行后，适用保险法第二十三条规定的三十日的； （二）保险法施行前，保险人知道解除事由，保险法施行后，按照保险法第十六条、第三十二条的规定行使解除权，适用保险法第十六条规定的三十日的； （三）保险法施行后，保险人按照保险法第
T2_071_适用中华人民共和国保险法若干.md	最高人民法院关于适用《中华人民共和国保险法》若干问题的解释（一）	第六条	保险法施行前已经终审的案件，当事人申请再审或者按照审判监督程序提起再审的案件，不适用保险法的规定。
T2_072_适用中华人民共和国公司法若干.md	最高人民法院关于适用《中华人民共和国公司法》若干问题的规定（一）	第一条	公司法实施后，人民法院尚未审结的和新受理的民事案件，其民事行为或事件发生在公司法实施以前的，适用当时的法律法规和司法解释。
T2_073_适用中华人民共和国涉外民事关.md	最高人民法院关于适用《中华人民共和国涉外民事关系法律适用法》若干问题的解释（二）	第八条	人民法院对外国法律的内容及其理解与适用，根据以下情形分别作出处理： （一）当事人对外国法律的内容及其理解与适用均无异议的，人民法院可以予以确认； （二）当事人对外国法律的内容及其理解与适用有异议的，应当说明理由。人民法院认为有必要的，可以补充查明或者要求当事人补充提供材料。经过补充查明或者补充提供材料，当事人仍有异议的，由人民法院审查认定； （三）外国法律的
T2_073_适用中华人民共和国涉外民事关.md	最高人民法院关于适用《中华人民共和国涉外民事关系法律适用法》若干问题的解释（二）	第十三条	本解释自2024年1月1日起施行。 本解释公布施行后，最高人民法院以前发布的司法解释与本解释不一致的，以本解释为准。
T3_001_适用中华人民共和国民事诉讼法.md	最高人民法院关于适用《中华人民共和国民事诉讼法》的解释	第二百五十七条	下列案件，不适用简易程序： （一）起诉时被告下落不明的； （二）发回重审的； （三）当事人一方人数众多的； （四）适用审判监督程序的； （五）涉及国家利益、社会公共利益的； （六）第三人起诉请求改变或者撤销生效判决、裁定、调解书的； （七）其他不宜适用简易程序的案件。
T3_001_适用中华人民共和国民事诉讼法.md	最高人民法院关于适用《中华人民共和国民事诉讼法》的解释	第二百九十五条	对下列情形提起第三人撤销之诉的，人民法院不予受理： （一）适用特别程序、督促程序、公示催告程序、破产程序等非讼程序处理的案件； （二）婚姻无效、撤销或者解除婚姻关系等判决、裁定、调解书中涉及身份关系的内容； （三）民事诉讼法第五十七条规定的未参加登记的权利人对代表人诉讼案件的生效裁判； （四）民事诉讼法第五十八条规定的损害社会公共利益行为的受害人对公益诉讼案
T3_001_适用中华人民共和国民事诉讼法.md	最高人民法院关于适用《中华人民共和国民事诉讼法》的解释	第三百八十八条	有下列情形之一，导致判决、裁定结果错误的，应当认定为民事诉讼法第二百零七条第六项规定的原判决、裁定适用法律确有错误： （一）适用的法律与案件性质明显不符的； （二）确定民事责任明显违背当事人约定或者法律规定的； （三）适用已经失效或者尚未施行的法律的； （四）违反法律溯及力规定的； （五）违反法律适用规则的； （六）明显违背立法原意的。
T3_001_适用中华人民共和国民事诉讼法.md	最高人民法院关于适用《中华人民共和国民事诉讼法》的解释	第四百六十六条	申请恢复执行原生效法律文书，适用民事诉讼法第二百四十六条申请执行期间的规定。申请执行期间因达成执行中的和解协议而中断，其期间自和解协议约定履行期限的最后一日起重新计算。
T3_001_适用中华人民共和国民事诉讼法.md	最高人民法院关于适用《中华人民共和国民事诉讼法》的解释	第五百四十五条	当事人申请承认和执行外国法院作出的发生法律效力的判决、裁定或者外国仲裁裁决的期间，适用民事诉讼法第二百四十六条的规定。 当事人仅申请承认而未同时申请执行的，申请执行的期间自人民法院对承认申请作出的裁定生效之日起重新计算。
T3_001_适用中华人民共和国民事诉讼法.md	最高人民法院关于适用《中华人民共和国民事诉讼法》的解释	第五百五十条	本解释公布施行后，最高人民法院于1992年7月14日发布的《关于适用〈中华人民共和国民事诉讼法〉若干问题的意见》同时废止；最高人民法院以前发布的司法解释与本解释不一致的，不再适用。
T3_003_执行和解若干问题的规定.md	最高人民法院关于执行和解若干问题的规定	第十条	申请恢复执行原生效法律文书，适用民事诉讼法第二百三十九条申请执行期间的规定。 当事人不履行执行和解协议的，申请恢复执行期间自执行和解协议约定履行期间的最后一日起计算。
T3_003_执行和解若干问题的规定.md	最高人民法院关于执行和解若干问题的规定	第二十条	本规定自2018年3月1日起施行。 本规定施行前本院公布的司法解释与本规定不一致的，以本规定为准。
T3_004_生态环境侵权民事诉讼证据的若.md	最高人民法院关于生态环境侵权民事诉讼证据的若干规定	第三十四条	本规定自2023年9月1日起施行。 本规定公布施行后，最高人民法院以前发布的司法解释与本规定不一致的，不再适用。
T3_005_人民法院办理财产保全案件若干.md	最高人民法院关于人民法院办理财产保全案件若干问题的规定	第二十九条	本规定自2016年12月1日起施行。 本规定施行前公布的司法解释与本规定不一致的，以本规定为准。
T3_006_人民法院民事调解工作若干问题.md	最高人民法院关于人民法院民事调解工作若干问题的规定	第十八条	本规定实施前人民法院已经受理的案件，在本规定施行后尚未审结的，依照本规定执行。
T3_007_审理消费民事公益诉讼案件适用.md	最高人民法院关于审理消费民事公益诉讼案件适用法律若干问题的解释	第十六条	已为消费民事公益诉讼生效裁判认定的事实，因同一侵权行为受到损害的消费者根据民事诉讼法第一百一十九条规定提起的诉讼，原告、被告均无需举证证明，但当事人对该事实有异议并有相反证据足以推翻的除外。 消费民事公益诉讼生效裁判认定经营者存在不法行为，因同一侵权行为受到损害的消费者根据民事诉讼法第一百一十九条规定提起的诉讼，原告主张适用的，人民法院可予支持，但被告有相反
T3_007_审理消费民事公益诉讼案件适用.md	最高人民法院关于审理消费民事公益诉讼案件适用法律若干问题的解释	第十九条	本解释自2016年5月1日起施行。 本解释施行后人民法院新受理的一审案件，适用本解释。 本解释施行前人民法院已经受理、施行后尚未审结的一审、二审案件，以及本解释施行前已经终审、施行后当事人申请再审或者按照审判监督程序决定再审的案件，不适用本解释。
T3_008_审理环境民事公益诉讼案件适用.md	最高人民法院关于审理环境民事公益诉讼案件适用法律若干问题的解释	第三十条	已为环境民事公益诉讼生效裁判认定的事实，因同一污染环境、破坏生态行为依据民事诉讼法第一百一十九条规定提起诉讼的原告、被告均无需举证证明，但原告对该事实有异议并有相反证据足以推翻的除外。 对于环境民事公益诉讼生效裁判就被告是否存在法律规定的不承担责任或者减轻责任的情形、行为与损害之间是否存在因果关系、被告承担责任的大小等所作的认定，因同一污染环境、破坏生态行为
T3_008_审理环境民事公益诉讼案件适用.md	最高人民法院关于审理环境民事公益诉讼案件适用法律若干问题的解释	第三十五条	本解释施行前最高人民法院发布的司法解释和规范性文件，与本解释不一致的，以本解释为准。
T3_009_执行担保若干问题的规定.md	最高人民法院关于执行担保若干问题的规定	第十五条	被执行人申请变更、解除全部或者部分执行措施，并担保履行生效法律文书确定义务的，参照适用本规定。
T3_009_执行担保若干问题的规定.md	最高人民法院关于执行担保若干问题的规定	第十六条	本规定自2018年3月1日起施行。 本规定施行前成立的执行担保，不适用本规定。 本规定施行前本院公布的司法解释与本规定不一致的，以本规定为准。
T3_013_互联网法院案件管辖的规定.md	最高人民法院关于互联网法院案件管辖的规定	第四条	本规定自2025年11月1日起施行。本规定施行前已经受理的案件由原受理人民法院继续审理。 此前发布的司法解释与本规定不一致的，以本规定为准。
T3_015_人民法院办理仲裁裁决执行案件.md	最高人民法院关于人民法院办理仲裁裁决执行案件若干问题的规定	第八条	被执行人向人民法院申请不予执行仲裁裁决的，应当在执行通知书送达之日起十五日内提出书面申请；有民事诉讼法第二百三十七条第二款第四、六项规定情形且执行程序尚未终结的，应当自知道或者应当知道有关事实或案件之日起十五日内提出书面申请。 本条前款规定期限届满前，被执行人已向有管辖权的人民法院申请撤销仲裁裁决且已被受理的，自人民法院驳回撤销仲裁裁决申请的裁判文书生效之日
T3_015_人民法院办理仲裁裁决执行案件.md	最高人民法院关于人民法院办理仲裁裁决执行案件若干问题的规定	第二十四条	本规定自2018年3月1日起施行，最高人民法院以前发布的司法解释与本规定不一致的，以本规定为准。 本规定施行前已经执行终结的执行案件，不适用本规定；本规定施行后尚未执行终结的执行案件，适用本规定。
T3_016_人民法院办理执行异议和复议案.md	最高人民法院关于人民法院办理执行异议和复议案件若干问题的规定	第三十二条	本规定施行后尚未审查终结的执行异议和复议案件，适用本规定。本规定施行前已经审查终结的执行异议和复议案件，人民法院依法提起执行监督程序的，不适用本规定。
T3_020_人民法院强制执行股权若干问题.md	最高人民法院关于人民法院强制执行股权若干问题的规定	第五条	人民法院冻结被执行人的股权，以其价额足以清偿生效法律文书确定的债权额及执行费用为限，不得明显超标的额冻结。股权价额无法确定的，可以根据申请执行人申请冻结的比例或者数量进行冻结。 被执行人认为冻结明显超标的额的，可以依照民事诉讼法第二百二十五条的规定提出书面异议，并附证明股权等查封、扣押、冻结财产价额的证据材料。人民法院审查后裁定异议成立的，应当自裁定生效之日
T3_020_人民法院强制执行股权若干问题.md	最高人民法院关于人民法院强制执行股权若干问题的规定	第十九条	本规定自2022年1月1日起施行。 施行前本院公布的司法解释与本规定不一致的，以本规定为准。 ×××人民法院 协助执行通知书 （××××）……执……号 ×××市场监督管理局： 根据本院（××××）……执……号执行裁定，依照《中华人民共和国民事诉讼法》第二百四十二条、《最高人民法院关于人民法院强制执行股权若干问题的规定》第六条的规定，请协助执行下列事项： 一、
T3_022_人民法院民事执行中拍卖变卖财.md	最高人民法院关于人民法院民事执行中拍卖、变卖财产的规定	第三十三条	本规定自2005年1月1日起施行。施行前本院公布的司法解释与本规定不一致的，以本规定为准。
T3_023_人民法院民事执行中查封扣押冻.md	最高人民法院关于人民法院民事执行中查封、扣押、冻结财产的规定	第三十条	本规定自2005年1月1日起施行。施行前本院公布的司法解释与本规定不一致的，以本规定为准。
T3_025_人民法院网络司法拍卖若干问题.md	最高人民法院关于人民法院网络司法拍卖若干问题的规定	第三十八条	本规定自2017年1月1日起施行。施行前最高人民法院公布的司法解释和规范性文件与本规定不一致的，以本规定为准。
T3_032_修改后的民事诉讼法施行时未结.md	最高人民法院关于修改后的民事诉讼法施行时未结案件适用法律若干问题的规定	第四条	在2013年1月1日未结案件中，人民法院对2013年1月1日前发生的妨害民事诉讼行为尚未处理的，适用修改前的民事诉讼法，但下列情形应当适用修改后的民事诉讼法： （一）修改后的民事诉讼法第一百一十二条规定的情形； （二）修改后的民事诉讼法第一百一十三条规定情形在2013年1月1日以后仍在进行的。
T3_032_修改后的民事诉讼法施行时未结.md	最高人民法院关于修改后的民事诉讼法施行时未结案件适用法律若干问题的规定	第五条	2013年1月1日前，利害关系人向人民法院申请诉前保全措施的，适用修改前的民事诉讼法等法律，但人民法院2013年1月1日尚未作出保全裁定的，适用修改后的民事诉讼法确定解除保全措施的期限。
T3_032_修改后的民事诉讼法施行时未结.md	最高人民法院关于修改后的民事诉讼法施行时未结案件适用法律若干问题的规定	第六条	当事人对2013年1月1日前已经发生法律效力的判决、裁定或者调解书申请再审的，人民法院应当依据修改前的民事诉讼法第一百八十四条规定审查确定当事人申请再审的期间，但该期间在2013年6月30日尚未届满的，截止到2013年6月30日。 前款规定当事人的申请符合下列情形的，仍适用修改前的民事诉讼法第一百八十四条规定： （一）有新的证据，足以推翻原判决、裁定的； （
T3_032_修改后的民事诉讼法施行时未结.md	最高人民法院关于修改后的民事诉讼法施行时未结案件适用法律若干问题的规定	第七条	人民法院对2013年1月1日前已经受理、2013年1月1日尚未审查完毕的申请不予执行仲裁裁决的案件，适用修改前的民事诉讼法。
T3_032_修改后的民事诉讼法施行时未结.md	最高人民法院关于修改后的民事诉讼法施行时未结案件适用法律若干问题的规定	第八条	本规定所称修改后的民事诉讼法，是指根据《决定》作相应修改后的《中华人民共和国民事诉讼法》。 本规定所称修改前的民事诉讼法，是指《决定》施行之前的《中华人民共和国民事诉讼法》。
T3_033_公布失信被执行人名单信息的若.md	最高人民法院关于公布失信被执行人名单信息的若干规定	第十条	具有下列情形之一的，人民法院应当在三个工作日内删除失信信息： （一）被执行人已履行生效法律文书确定的义务或人民法院已执行完毕的； （二）当事人达成执行和解协议且已履行完毕的； （三）申请执行人书面申请删除失信信息，人民法院审查同意的； （四）终结本次执行程序后，通过网络执行查控系统查询被执行人财产两次以上，未发现有可供执行财产，且申请执行人或者其他人未提供有
T3_034_公证债权文书执行若干问题的规.md	最高人民法院关于公证债权文书执行若干问题的规定	第二十五条	本规定自2018年10月1日起施行。 本规定施行前最高人民法院公布的司法解释与本规定不一致的，以本规定为准。
T3_036_办理行政申请再审案件若干问题.md	最高人民法院关于办理行政申请再审案件若干问题的规定	第六条	本解释自2021年4月1日起施行。本解释施行后，最高人民法院此前作出的相关司法解释与本解释相抵触的，以本解释为准。 院决定由高级人民法院审查用） 2.中华人民共和国最高人民法院通知书（最高人民法 院决定由高级人民法院审查时通知再审申请人用） 3.中华人民共和国最高人民法院行政裁定书（最高人 民法院迳行驳回再审申请用） 附件1 中华人民共和国最高人民法院 决定
T3_042_委托执行若干问题的规定.md	最高人民法院关于委托执行若干问题的规定	第十五条	本规定施行之后，其他有关委托执行的司法解释不再适用。
T3_046_审理涉执行司法赔偿案件适用法.md	最高人民法院关于审理涉执行司法赔偿案件适用法律若干问题的解释	第一条	人民法院在执行判决、裁定及其他生效法律文书过程中，错误采取财产调查、控制、处置、交付、分配等执行措施或者罚款、拘留等强制措施，侵犯公民、法人和其他组织合法权益并造成损害，受害人依照国家赔偿法第三十八条规定申请赔偿的，适用本解释。
T3_046_审理涉执行司法赔偿案件适用法.md	最高人民法院关于审理涉执行司法赔偿案件适用法律若干问题的解释	第二十条	本解释自2022年3月1日起施行。施行前本院公布的司法解释与本解释不一致的，以本解释为准。
T3_056_执行程序中计算迟延履行期间的.md	最高人民法院关于执行程序中计算迟延履行期间的债务利息适用法律若干问题的解释	第二条	加倍部分债务利息自生效法律文书确定的履行期间届满之日起计算；生效法律文书确定分期履行的，自每次履行期间届满之日起计算；生效法律文书未确定履行期间的，自法律文书生效之日起计算。
T3_056_执行程序中计算迟延履行期间的.md	最高人民法院关于执行程序中计算迟延履行期间的债务利息适用法律若干问题的解释	第七条	本解释施行时尚未执行完毕部分的金钱债务，本解释施行前的迟延履行期间债务利息按照之前的规定计算；施行后的迟延履行期间债务利息按照本解释计算。 本解释施行前本院发布的司法解释与本解释不一致的，以本解释为准。
T3_059_民事执行中变更追加当事人若干.md	最高人民法院关于民事执行中变更、追加当事人若干问题的规定	第三十五条	本规定自2016年12月1日起施行。 本规定施行后，本院以前公布的司法解释与本规定不一致的，以本规定为准。
T3_060_民事执行中财产调查若干问题的.md	最高人民法院关于民事执行中财产调查若干问题的规定	第二十六条	本规定自2017年5月1日起施行。 本规定施行后，本院以前公布的司法解释与本规定不一致的，以本规定为准。
T3_062_民事诉讼证据的若干规定.md	最高人民法院关于民事诉讼证据的若干规定	第五十五条	存在下列情形的，举证期限按照如下方式确定： （一）当事人依照民事诉讼法第一百二十七条规定提出管辖权异议的，举证期限中止，自驳回管辖权异议的裁定生效之日起恢复计算； （二）追加当事人、有独立请求权的第三人参加诉讼或者无独立请求权的第三人经人民法院通知参加诉讼的，人民法院应当依照本规定第五十一条的规定为新参加诉讼的当事人确定举证期限，该举证期限适用于其他当事人；
T3_062_民事诉讼证据的若干规定.md	最高人民法院关于民事诉讼证据的若干规定	第一百条	本规定自2020年5月1日起施行。 本规定公布施行后，最高人民法院以前发布的司法解释与本规定不一致的，不再适用。
T3_067_行政申请再审案件立案程序的规.md	最高人民法院关于行政申请再审案件立案程序的规定	第十二条	当事人申请再审，应当在判决、裁定、调解书发生法律效力后六个月内提出。 申请再审期间为人民法院向当事人送达裁判文书之日起至再审申请人向上一级人民法院申请再审之日止。 申请再审期间为不变期间，不适用中止、中断、延长的规定。 再审申请人对2015年5月1日行政诉讼法实施前已经发生法律效力的判决、裁定、调解书申请再审的，人民法院依据《最高人民法院关于执行〈中华人民共
T3_069_适用中华人民共和国仲裁法若干.md	最高人民法院关于适用《中华人民共和国仲裁法》若干问题的解释	第十条	合同成立后未生效或者被撤销的，仲裁协议效力的认定适用仲裁法第十九条第一款的规定。 当事人在订立合同时就争议达成仲裁协议的，合同未成立不影响仲裁协议的效力。
T3_071_适用中华人民共和国民事诉讼法.md	最高人民法院关于适用《中华人民共和国民事诉讼法》执行程序若干问题的解释	第二十七条	本解释施行前本院公布的司法解释与本解释不一致的，以本解释为准。
T3_072_适用简易程序审理民事案件的若.md	最高人民法院关于适用简易程序审理民事案件的若干规定	第三十四条	本规定自2003年12月1日起施行。2003年12月1日以后受理的民事案件，适用本规定。
T3_075_最高人民法院印发关于规范人民.md	最高人民法院印发《关于规范人民法院再审立案的若干意见（试行）》的通知	第七条	对终审刑事裁判的申诉，具备下列情形之一的，人民法院应当决定再审： （一）有审判时未收集到的或者未被采信的证据，可能推翻原定罪量刑的； （二）主要证据不充分或者不具有证明力的； （三）原裁判的主要事实依据被依法变更或撤销的； （四）据以定罪量刑的主要证据自相矛盾的； （五）引用法律条文错误或者违反刑法第十二条的规定适用失效法律的； （六）违反法律关于溯及力规定
T3_075_最高人民法院印发关于规范人民.md	最高人民法院印发《关于规范人民法院再审立案的若干意见（试行）》的通知	第八条	对终审民事裁判、调解的再审申请，具备下列情形之一的，人民法院应当裁定再审： （一）有再审申请人以前不知道或举证不能的证据，可能推翻原裁判的； （二）主要证据不充分或者不具有证明力的； （三）原裁判的主要事实依据被依法变更或撤销的； （四）就同一法律事实或同一法律关系，存在两个相互矛盾的生效法律文书，再审申请人对后一生效法律文书提出再审申请的； （五）引用法律
T3_075_最高人民法院印发关于规范人民.md	最高人民法院印发《关于规范人民法院再审立案的若干意见（试行）》的通知	第九条	对终审行政裁判的申诉，具备下列情形之一的，人民法院应当裁定再审： （一）依法应当受理而不予受理或驳回起诉的； （二）有新的证据可能改变原裁判的； （三）主要证据不充分或不具有证明力的； （四）原裁判的主要事实依据被依法变更或撤销的； （五）引用法律条文错误或者适用失效、尚未生效法律的； （六）违反法律关于溯及力规定的； （七）行政赔偿调解协议违反自愿原则，内
T4_001_审理建筑物区分所有权纠纷案件.md	最高人民法院关于审理建筑物区分所有权纠纷案件适用法律若干问题的解释	第十九条	本解释自2009年10月1日起施行。 因物权法施行后实施的行为引起的建筑物区分所有权纠纷案件，适用本解释。 本解释施行前已经终审，本解释施行后当事人申请再审或者按照审判监督程序决定再审的案件，不适用本解释。
T4_002_审理森林资源民事纠纷案件适用.md	最高人民法院关于审理森林资源民事纠纷案件适用法律若干问题的解释	第二十三条	本解释自2022年6月15日起施行。施行前本院公布的司法解释与本解释不一致的，以本解释为准。
T4_003_审理生态环境侵权责任纠纷案件.md	最高人民法院关于审理生态环境侵权责任纠纷案件适用法律若干问题的解释	第二十九条	本解释自2023年9月1日起施行。 本解释公布施行后，《最高人民法院关于审理环境侵权责任纠纷案件适用法律若干问题的解释》（法释〔2015〕12号）同时废止。
T4_004_审理垄断民事纠纷案件适用法律.md	最高人民法院关于审理垄断民事纠纷案件适用法律若干问题的解释	第五十条	人民法院审理垄断民事纠纷案件，适用被诉垄断行为发生时施行的反垄断法。被诉垄断行为发生在修改后的反垄断法施行之前，行为持续至或者损害后果出现在修改后的反垄断法施行之后的，适用修改后的反垄断法。
T4_004_审理垄断民事纠纷案件适用法律.md	最高人民法院关于审理垄断民事纠纷案件适用法律若干问题的解释	第五十一条	本解释自2024年7月1日起施行。《最高人民法院关于审理因垄断行为引发的民事纠纷案件应用法律若干问题的规定》（法释〔2012〕5号）同时废止。 本解释施行后，人民法院正在审理的第一审、第二审案件适用本解释；本解释施行前已经作出生效裁判，当事人申请再审或者依照审判监督程序再审的案件，不适用本解释。
T4_012_审理外商投资企业纠纷案件若干.md	最高人民法院关于审理外商投资企业纠纷案件若干问题的规定（一）	第二十三条	本规定施行后，案件尚在一审或者二审阶段的，适用本规定；本规定施行前已经终审的案件，人民法院进行再审时，不适用本规定。
T4_012_审理外商投资企业纠纷案件若干.md	最高人民法院关于审理外商投资企业纠纷案件若干问题的规定（一）	第二十四条	本规定施行前本院作出的有关司法解释与本规定相抵触的，以本规定为准。
T4_013_审理海上货运代理纠纷案件若干.md	最高人民法院关于审理海上货运代理纠纷案件若干问题的规定	第十六条	本规定施行前本院作出的有关司法解释与本规定相抵触的，以本规定为准。 本规定施行后，案件尚在一审或者二审阶段的，适用本规定；本规定施行前已经终审的案件，本规定施行后当事人申请再审或者按照审判监督程序决定再审的案件，不适用本规定。
T4_014_审理涉及农村土地承包纠纷案件.md	最高人民法院关于审理涉及农村土地承包纠纷案件适用法律问题的解释	第二十五条	本解释自2005年9月1日起施行。施行后受理的第一审案件，适用本解释的规定。 施行前已经生效的司法解释与本解释不一致的，以本解释为准。
T4_015_审理涉及国有土地使用权合同纠.md	最高人民法院关于审理涉及国有土地使用权合同纠纷案件适用法律问题的解释	第二十五条	本解释自2005年8月1日起施行；施行后受理的第一审案件适用本解释。 本解释施行前最高人民法院发布的司法解释与本解释不一致的，以本解释为准。
T4_017_审理食品安全民事纠纷案件适用.md	最高人民法院关于审理食品安全民事纠纷案件适用法律若干问题的解释（一）	第十四条	本解释自2021年1月1日起施行。 本解释施行后人民法院正在审理的一审、二审案件适用本解释。 本解释施行前已经终审，本解释施行后当事人申请再审或者按照审判监督程序决定再审的案件，不适用本解释。 最高人民法院以前发布的司法解释与本解释不一致的，以本解释为准。
T4_018_适用中华人民共和国反不正当竞.md	最高人民法院关于适用《中华人民共和国反不正当竞争法》若干问题的解释	第二十八条	反不正当竞争法修改决定施行以后人民法院受理的不正当竞争民事案件，涉及该决定施行前发生的行为的，适用修改前的反不正当竞争法；涉及该决定施行前发生、持续到该决定施行以后的行为的，适用修改后的反不正当竞争法。
T4_018_适用中华人民共和国反不正当竞.md	最高人民法院关于适用《中华人民共和国反不正当竞争法》若干问题的解释	第二十九条	本解释自2022年3月20日起施行。《最高人民法院关于审理不正当竞争民事案件应用法律若干问题的解释》（法释〔2007〕2号）同时废止。 本解释施行以后尚未终审的案件，适用本解释；施行以前已经终审的案件，不适用本解释再审。
T4_020_人民法院司法拍卖房产竞买人资.md	最高人民法院关于人民法院司法拍卖房产竞买人资格若干问题的规定	第九条	本规定自2022年1月1日起施行。 施行前最高人民法院公布的司法解释与本规定不一致的，以本规定为准。
T4_025_审理侵害信息网络传播权民事纠.md	最高人民法院关于审理侵害信息网络传播权民事纠纷案件适用法律若干问题的规定	第十六条	本规定施行之日起，《最高人民法院关于审理涉及计算机网络著作权纠纷案件适用法律若干问题的解释》（法释〔2006〕11号）同时废止。 本规定施行之后尚未终审的侵害信息网络传播权民事纠纷案件，适用本规定。本规定施行前已经终审，当事人申请再审或者按照审判监督程序决定再审的，不适用本规定。
T4_026_审理侵害知识产权民事纠纷案件.md	最高人民法院关于审理侵害知识产权民事纠纷案件适用惩罚性赔偿的解释	第十四条	本解释自2026年5月1日起施行。 本解释施行后，《最高人民法院关于审理侵害知识产权民事案件适用惩罚性赔偿的解释》（法释〔2021〕4号）同时废止。 本解释施行前已经作出生效裁判的案件，本解释施行后，当事人申请再审或者按照审判监督程序决定再审的，不适用本解释。
T4_032_审理涉及公证活动相关民事案件.md	最高人民法院关于审理涉及公证活动相关民事案件的若干规定	第七条	本规定施行后，涉及公证活动的民事案件尚未终审的，适用本规定；本规定施行前已经终审，当事人申请再审或者按照审判监督程序决定再审的，不适用本规定。
T4_035_审理矿产资源纠纷案件适用法律.md	最高人民法院关于审理矿产资源纠纷案件适用法律若干问题的解释	第二十三条	2025年7月1日《中华人民共和国矿产资源法》施行前的法律事实引起的矿产资源纠纷案件，适用当时的法律、司法解释的规定，但是法律另有规定的除外。 本解释自2026年2月1日起施行。《最高人民法院关于审理矿业权纠纷案件适用法律若干问题的解释》（法释〔2017〕12号）同时废止。
T4_036_审理船舶油污损害赔偿纠纷案件.md	最高人民法院关于审理船舶油污损害赔偿纠纷案件若干问题的规定	第三十二条	本规定实施前本院发布的司法解释与本规定不一致的，以本规定为准。 本规定施行前已经终审的案件，人民法院进行再审时，不适用本规定。
T4_039_审理银行卡民事纠纷案件若干问.md	最高人民法院关于审理银行卡民事纠纷案件若干问题的规定	第十六条	本规定施行后尚未终审的案件，适用本规定。本规定施行前已经终审，当事人申请再审或者按照审判监督程序决定再审的案件，不适用本规定。
T4_046_人民法院赔偿委员会审理国家赔.md	最高人民法院关于人民法院赔偿委员会审理国家赔偿案件程序的规定	第二十四条	自本规定公布之日起，《人民法院赔偿委员会审理赔偿案件程序的暂行规定》即行废止；本规定施行前本院发布的司法解释与本规定不一致的，以本规定为准。
T4_047_人民法院赔偿委员会适用质证程.md	最高人民法院关于人民法院赔偿委员会适用质证程序审理国家赔偿案件的规定	第二十六条	本规定自2014年3月1日起施行。 本规定施行前本院发布的司法解释与本规定不一致的，以本规定为准。
T4_048_办理申请人民法院强制执行国有.md	最高人民法院关于办理申请人民法院强制执行国有土地上房屋征收补偿决定案件若干问题的规定	第十条	《条例》施行前已依法取得房屋拆迁许可证的项目，人民法院裁定准予执行房屋拆迁裁决的，参照本规定第九条精神办理。
T4_049_北京上海广州知识产权法院案件.md	最高人民法院关于北京、上海、广州知识产权法院案件管辖的规定	第八条	知识产权法院所在省（直辖市）的基层人民法院在知识产权法院成立前已经受理但尚未审结的本规定第一条第（一）项和第（三）项规定的案件，由该基层人民法院继续审理。 除广州市中级人民法院以外，广东省其他中级人民法院在广州知识产权法院成立前已经受理但尚未审结的本规定第一条第（一）项和第（三）项规定的案件，由该中级人民法院继续审理。
T4_050_商标法修改决定施行后商标案件.md	最高人民法院关于商标法修改决定施行后商标案件管辖和法律适用问题的解释	第五条	对于在商标法修改决定施行前提出的商标注册及续展申请，国家知识产权局于决定施行后作出对该商标申请不予受理或者不予续展的决定，当事人提起行政诉讼的，人民法院审查时适用修改后的商标法。 对于在商标法修改决定施行前提出的商标异议申请，国家知识产权局于决定施行后作出对该异议不予受理的决定，当事人提起行政诉讼的，人民法院审查时适用修改前的商标法。
T4_050_商标法修改决定施行后商标案件.md	最高人民法院关于商标法修改决定施行后商标案件管辖和法律适用问题的解释	第六条	对于在商标法修改决定施行前当事人就尚未核准注册的商标申请复审，国家知识产权局于决定施行后作出复审决定或者裁定，当事人提起行政诉讼的，人民法院审查时适用修改后的商标法。 对于在商标法修改决定施行前受理的商标复审申请，国家知识产权局于决定施行后作出核准注册决定，当事人提起行政诉讼的，人民法院不予受理；国家知识产权局于决定施行后作出不予核准注册决定，当事人提起行政
T4_050_商标法修改决定施行后商标案件.md	最高人民法院关于商标法修改决定施行后商标案件管辖和法律适用问题的解释	第七条	对于在商标法修改决定施行前已经核准注册的商标，国家知识产权局于决定施行前受理、在决定施行后作出复审决定或者裁定，当事人提起行政诉讼的，人民法院审查相关程序问题适用修改后的商标法，审查实体问题适用修改前的商标法。
T4_050_商标法修改决定施行后商标案件.md	最高人民法院关于商标法修改决定施行后商标案件管辖和法律适用问题的解释	第八条	对于在商标法修改决定施行前受理的相关商标案件，国家知识产权局于决定施行后作出决定或者裁定，当事人提起行政诉讼的，人民法院认定该决定或者裁定是否符合商标法有关审查时限规定时，应当从修改决定施行之日起计算该审查时限。
T4_050_商标法修改决定施行后商标案件.md	最高人民法院关于商标法修改决定施行后商标案件管辖和法律适用问题的解释	第九条	除本解释另行规定外，商标法修改决定施行后人民法院受理的商标民事案件，涉及该决定施行前发生的行为的，适用修改前商标法的规定；涉及该决定施行前发生，持续到该决定施行后的行为的，适用修改后商标法的规定。
T4_051_国家赔偿案件立案工作的规定.md	最高人民法院关于国家赔偿案件立案工作的规定	第十一条	自本规定施行之日起，《最高人民法院关于刑事赔偿和非刑事司法赔偿案件立案工作的暂行规定（试行）》即行废止；本规定施行前本院发布的司法解释与本规定不一致的，以本规定为准。
T4_052_国家赔偿监督程序若干问题的规.md	最高人民法院关于国家赔偿监督程序若干问题的规定	第一条	依照国家赔偿法第三十条的规定，有下列情形之一的，适用本规定予以处理： （一）赔偿请求人或者赔偿义务机关认为赔偿委员会生效决定确有错误，向上一级人民法院赔偿委员会提出申诉的； （二）赔偿委员会生效决定违反国家赔偿法规定，经本院院长决定或者上级人民法院指令重新审理，以及上级人民法院决定直接审理的； （三）最高人民检察院对各级人民法院赔偿委员会生效决定，上级人民检
T4_053_审理专利授权确权行政案件适用.md	最高人民法院关于审理专利授权确权行政案件适用法律若干问题的规定（一）	第三十二条	本规定自2020年9月12日起施行。 本规定施行后，人民法院正在审理的一审、二审案件适用本规定；施行前已经作出生效裁判的案件，不适用本规定再审。
T4_055_审理侵犯商业秘密民事案件适用.md	最高人民法院关于审理侵犯商业秘密民事案件适用法律若干问题的规定	第二十五条	当事人以涉及同一被诉侵犯商业秘密行为的刑事案件尚未审结为由，请求中止审理侵犯商业秘密民事案件，人民法院在听取当事人意见后认为必须以该刑事案件的审理结果为依据的，应予支持。
T4_055_审理侵犯商业秘密民事案件适用.md	最高人民法院关于审理侵犯商业秘密民事案件适用法律若干问题的规定	第二十九条	本规定自2020年9月12日起施行。最高人民法院以前发布的相关司法解释与本规定不一致的，以本规定为准。 本规定施行后，人民法院正在审理的一审、二审案件适用本规定；施行前已经作出生效裁判的案件，不适用本规定再审。
T4_056_审理商标授权确权行政案件若干.md	最高人民法院关于审理商标授权确权行政案件若干问题的规定	第三十条	人民法院生效裁判对于相关事实和法律适用已作出明确认定，相对人或者利害关系人对于国家知识产权局依据该生效裁判重新作出的裁决提起诉讼的，人民法院依法裁定不予受理；已经受理的，裁定驳回起诉。
T4_056_审理商标授权确权行政案件若干.md	最高人民法院关于审理商标授权确权行政案件若干问题的规定	第三十一条	本规定自2017年3月1日起施行。人民法院依据2001年修正的商标法审理的商标授权确权行政案件可参照适用本规定。
T4_057_审理商标案件有关管辖和法律适.md	最高人民法院关于审理商标案件有关管辖和法律适用范围问题的解释	第四条	国家知识产权局在商标法修改决定施行前受理的案件，于该决定施行后作出复审决定或裁定，当事人对复审决定或裁定不服向人民法院起诉的，人民法院应当受理。
T4_057_审理商标案件有关管辖和法律适.md	最高人民法院关于审理商标案件有关管辖和法律适用范围问题的解释	第五条	除本解释另行规定外，对商标法修改决定施行前发生，属于修改后商标法第四条、第五条、第八条、第九条第一款、第十条第一款第（二）、（三）、（四）项、第十条第二款、第十一条、第十二条、第十三条、第十五条、第十六条、第二十四条、第二十五条、第三十一条所列举的情形，国家知识产权局于商标法修改决定施行后作出复审决定或者裁定，当事人不服向人民法院起诉的行政案件，适用修改后商
T4_057_审理商标案件有关管辖和法律适.md	最高人民法院关于审理商标案件有关管辖和法律适用范围问题的解释	第六条	当事人就商标法修改决定施行时已满一年的注册商标发生争议，不服国家知识产权局作出的裁定向人民法院起诉的，适用修改前商标法第二十七条第二款规定的提出申请的期限处理；商标法修改决定施行时商标注册不满一年的，适用修改后商标法第四十一条第二款、第三款规定的提出申请的期限处理。
T4_057_审理商标案件有关管辖和法律适.md	最高人民法院关于审理商标案件有关管辖和法律适用范围问题的解释	第七条	对商标法修改决定施行前发生的侵犯商标专用权行为，商标注册人或者利害关系人于该决定施行后在起诉前向人民法院提出申请采取责令停止侵权行为或者保全证据措施的，适用修改后商标法第五十七条、第五十八条的规定。
T4_057_审理商标案件有关管辖和法律适.md	最高人民法院关于审理商标案件有关管辖和法律适用范围问题的解释	第八条	对商标法修改决定施行前发生的侵犯商标专用权行为起诉的案件，人民法院于该决定施行时尚未作出生效判决的，参照修改后商标法第五十六条的规定处理。
T4_057_审理商标案件有关管辖和法律适.md	最高人民法院关于审理商标案件有关管辖和法律适用范围问题的解释	第九条	除本解释另行规定外，商标法修改决定施行后人民法院受理的商标民事纠纷案件，涉及该决定施行前发生的民事行为的，适用修改前商标法的规定；涉及该决定施行后发生的民事行为的，适用修改后商标法的规定；涉及该决定施行前发生，持续到该决定施行后的民事行为的，分别适用修改前、后商标法的规定。
T4_058_审理房屋登记案件若干问题的规.md	最高人民法院关于审理房屋登记案件若干问题的规定	第二条	房屋登记机构根据人民法院、仲裁委员会的法律文书或者有权机关的协助执行通知书以及人民政府的征收决定办理的房屋登记行为，公民、法人或者其他组织不服提起行政诉讼的，人民法院不予受理，但公民、法人或者其他组织认为登记与有关文书内容不一致的除外。 房屋登记机构作出未改变登记内容的换发、补发权属证书、登记证明或者更新登记簿的行为，公民、法人或者其他组织不服提起行政诉讼的
T4_060_审理海事赔偿责任限制相关纠纷.md	最高人民法院关于审理海事赔偿责任限制相关纠纷案件的若干规定	第二十二条	本规定施行前已经终审的案件，人民法院进行再审时，不适用本规定。
T4_060_审理海事赔偿责任限制相关纠纷.md	最高人民法院关于审理海事赔偿责任限制相关纠纷案件的若干规定	第二十三条	本规定施行前本院发布的司法解释与本规定不一致的，以本规定为准。
T4_061_审理海洋自然资源与生态环境损.md	最高人民法院关于审理海洋自然资源与生态环境损害赔偿纠纷案件若干问题的规定	第五条	在人民法院依照本规定第四条的规定发布公告之日起三十日内，或者书面告知之日起七日内，对同一损害有权提起诉讼的其他机关申请参加诉讼，经审查符合法定条件的，人民法院应当将其列为共同原告；逾期申请的，人民法院不予准许。裁判生效后另行起诉的，人民法院参照《最高人民法院关于审理环境民事公益诉讼案件适用法律若干问题的解释》第二十八条的规定处理。 对于不同损害，可以由各依法
T4_061_审理海洋自然资源与生态环境损.md	最高人民法院关于审理海洋自然资源与生态环境损害赔偿纠纷案件若干问题的规定	第十三条	本规定自2018年1月15日起施行，人民法院尚未审结的一审、二审案件适用本规定；本规定施行前已经作出生效裁判的案件，本规定施行后依法再审的，不适用本规定。 本规定施行后，最高人民法院以前颁布的司法解释与本规定不一致的，以本规定为准。
T4_063_审理涉及农村土地承包经营纠纷.md	最高人民法院关于审理涉及农村土地承包经营纠纷调解仲裁案件适用法律若干问题的解释	第十二条	本解释施行后，人民法院尚未审结的一审、二审案件适用本解释规定。本解释施行前已经作出生效裁判的案件，本解释施行后依法再审的，不适用本解释规定。
T4_068_扣押与拍卖船舶适用法律若干问.md	最高人民法院关于扣押与拍卖船舶适用法律若干问题的规定	第二十五条	本规定施行前已经实施的船舶扣押与拍卖，本规定施行后当事人申请复议的，不适用本规定。 本规定施行后，最高人民法院1994年7月6日制定的《关于海事法院拍卖被扣押船舶清偿债务的规定》（法发〔1994〕14号）同时废止。最高人民法院以前发布的司法解释和规范性文件与本规定不一致的，以本规定为准。
T4_083_适用中华人民共和国国家赔偿法.md	最高人民法院关于适用《中华人民共和国国家赔偿法》若干问题的解释（一）	第二条	国家机关及其工作人员行使职权侵犯公民、法人和其他组织合法权益的行为发生在2010年12月1日以前的，适用修正前的国家赔偿法，但有下列情形之一的，适用修正的国家赔偿法： （一）2010年12月1日以前已经受理赔偿请求人的赔偿请求但尚未作出生效赔偿决定的； （二）赔偿请求人在2010年12月1日以后提出赔偿请求的。
T4_083_适用中华人民共和国国家赔偿法.md	最高人民法院关于适用《中华人民共和国国家赔偿法》若干问题的解释（一）	第三条	人民法院对2010年12月1日以前已经受理但尚未审结的国家赔偿确认案件，应当继续审理。
T4_085_适用中华人民共和国海商法时间.md	最高人民法院关于适用《中华人民共和国海商法》时间效力的若干规定	第一条	海商法施行后的法律事实引起的海事纠纷案件，适用海商法的规定。 海商法施行前的法律事实引起的海事纠纷案件，适用当时的法律、司法解释的规定，但是法律、司法解释另有规定的除外。 海商法施行前的法律事实持续至海商法施行后，该法律事实引起的海事纠纷案件，适用海商法的规定，但是法律、司法解释另有规定的除外。
T4_085_适用中华人民共和国海商法时间.md	最高人民法院关于适用《中华人民共和国海商法》时间效力的若干规定	第二条	海商法施行前的法律事实引起的海事纠纷案件，当时的法律、司法解释没有规定而海商法有规定的，可以适用海商法的规定，但是明显减损当事人合法权益、增加当事人法定义务或者背离当事人合理预期的除外。
T4_085_适用中华人民共和国海商法时间.md	最高人民法院关于适用《中华人民共和国海商法》时间效力的若干规定	第三条	海商法施行前的法律事实引起的海事纠纷案件，当时的法律、司法解释仅有原则性规定而海商法有具体规定的，适用当时的法律、司法解释的规定，但是可以依据海商法的具体规定进行裁判说理。
T4_085_适用中华人民共和国海商法时间.md	最高人民法院关于适用《中华人民共和国海商法》时间效力的若干规定	第四条	海商法施行前成立的合同，依照法律规定或者当事人约定该合同的履行持续至海商法施行后，因海商法施行前履行合同发生争议的，适用当时的法律、司法解释的规定；因海商法施行后履行合同发生争议的，适用海商法有关合同履行的相关规定。
T4_085_适用中华人民共和国海商法时间.md	最高人民法院关于适用《中华人民共和国海商法》时间效力的若干规定	第五条	海商法施行前，当事人约定船舶抵押权不与其担保的债权一并转让的，适用海商法第十八条的规定。
T4_085_适用中华人民共和国海商法时间.md	最高人民法院关于适用《中华人民共和国海商法》时间效力的若干规定	第六条	海商法施行前出具的电子运输记录引起的纠纷，适用海商法第四章第五节有关电子运输记录的规定。
T4_085_适用中华人民共和国海商法时间.md	最高人民法院关于适用《中华人民共和国海商法》时间效力的若干规定	第七条	海商法施行前订立的预约保险合同，在海商法施行后，被保险人履行申报义务或者保险人要求被保险人承担不履行申报义务违约责任的，适用海商法第二百五十九条的规定。 海商法施行前被保险人违反如实告知义务或者保证条款，保险人在海商法施行后因此行使合同解除权等权利的，适用海商法第二百四十八条、第二百六十一条的规定。
T4_085_适用中华人民共和国海商法时间.md	最高人民法院关于适用《中华人民共和国海商法》时间效力的若干规定	第八条	海商法施行之日诉讼时效期间尚未届满的，有关时效期间的中止适用中止时效的原因消除之日的法律、司法解释的规定；有关时效期间的中断适用中断事由发生时的法律、司法解释的规定。
T4_085_适用中华人民共和国海商法时间.md	最高人民法院关于适用《中华人民共和国海商法》时间效力的若干规定	第九条	海商法施行前已经终审的案件，当事人申请再审或者按照审判监督程序决定再审的，适用当时的法律、司法解释的规定。
T4_085_适用中华人民共和国海商法时间.md	最高人民法院关于适用《中华人民共和国海商法》时间效力的若干规定	第十条	本规定自2026年5月1日起施行。 本规定施行后，人民法院尚未审结的一审、二审案件适用本规定。
T4_086_铁路运输法院案件管辖范围的若.md	最高人民法院关于铁路运输法院案件管辖范围的若干规定	第七条	本院以前作出的有关规定与本规定不一致的，以本规定为准。 本规定施行前，各铁路运输法院依照此前的规定已经受理的案件，不再调整。
T2_903_审理建设工程施工合同纠纷案件.md	最高人民法院关于审理建设工程施工合同纠纷案件适用法律问题的解释（二）	第二十三条	本解释自2026年6月30日起施行。 本解释施行后，人民法院新受理的一审建设工程施工合同纠纷案件，适用本解释。 本解释施行后，最高人民法院以前发布的司法解释与本解释不一致的，以本解释为准。
T4_906_审理森林资源民事纠纷案件适用.md	最高人民法院关于审理森林资源民事纠纷案件适用法律若干问题的解释（2026修正）	第二十三条	本解释自2022年6月15日起施行。施行前本院公布的司法解释与本解释不一致的，以本解释为准。
T2_907_审理涉及刑事犯罪的民事纠纷案.md	最高人民法院关于审理涉及刑事犯罪的民事纠纷案件若干问题的规定	第四条	依照本规定第三条受理的民事案件，应当与有关的刑事案件分别审理，不受刑事诉讼程序的影响。但是，民事案件基本事实的认定必须以刑事案件的审理结果为依据，而刑事案件尚未审结的，依法裁定中止民事诉讼。中止诉讼的原因消除后，应当及时恢复诉讼。 民事案件与有关的刑事案件由不同人民法院分别审理的，有关人民法院应当及时相互通报案件受理情况、审理进展、裁判结果等信息。
T4_909_审理海洋生态环境损害赔偿案件.md	最高人民法院关于审理海洋生态环境损害赔偿案件若干问题的规定（2026修正）	第五条	在人民法院依照本规定第四条的规定发布公告之日起三十日内，或者书面告知之日起七日内，对同一损害有权提起诉讼的其他机关申请参加诉讼，经审查符合法定条件的，人民法院应当将其列为共同原告；逾期申请的，人民法院不予准许。裁判生效后另行起诉的，人民法院参照《最高人民法院关于审理生态环境民事公益诉讼案件适用法律若干问题的解释》第二十八条的规定处理。 对于不同损害，可以由各
T4_909_审理海洋生态环境损害赔偿案件.md	最高人民法院关于审理海洋生态环境损害赔偿案件若干问题的规定（2026修正）	第十三条	本规定自2018年1月15日起施行，人民法院尚未审结的一审、二审案件适用本规定；本规定施行前已经作出生效裁判的案件，本规定施行后依法再审的，不适用本规定。 本规定施行后，最高人民法院以前颁布的司法解释与本规定不一致的，以本规定为准。
T4_911_生态环境侵权案件适用禁止令保.md	最高人民法院关于生态环境侵权案件适用禁止令保全措施的若干规定（2026修正）	第十三条	本规定自2022年1月1日起施行。 附件1：民事裁定书（诉中禁止令用）样式 ××××人民法院 民事裁定书 （××××）……民初……号 申请人：×××，……（写明姓名或名称、住所地等基本情况）。 …… 被申请人:×××，……（写明姓名或名称、住所地等基本情况）。 申请人×××因与被申请人×××…（写明案由）纠纷一案，向本院申请作出禁止令，责令被申请人×××……
T4_912_生态环境侵权民事诉讼证据的若.md	最高人民法院关于生态环境侵权民事诉讼证据的若干规定（2026修正）	第三十五条	本规定自2023年9月1日起施行。 本规定公布施行后，最高人民法院以前发布的司法解释与本规定不一致的，不再适用。
T4_913_审理生态环境侵权责任纠纷案件.md	最高人民法院关于审理生态环境侵权责任纠纷案件适用法律若干问题的解释（2026修正）	第二十九条	本解释自2023年9月1日起施行。 本解释公布施行后，《最高人民法院关于审理环境侵权责任纠纷案件适用法律若干问题的解释》（法释〔2015〕12号）同时废止。
T4_915_审理生态环境民事公益诉讼案件.md	最高人民法院关于审理生态环境民事公益诉讼案件适用法律若干问题的解释（2026修正）	第三十条	已为生态环境民事公益诉讼生效裁判认定的事实，因同一污染环境、破坏生态等行为依据民事诉讼法第一百二十二条规定提起诉讼的原告、被告均无需举证证明，但原告对该事实有异议并有相反证据足以推翻的除外。 对于生态环境民事公益诉讼生效裁判就被告是否存在法律规定的不承担责任或者减轻责任的情形、行为与损害之间是否存在因果关系、被告承担责任的大小等所作的认定，因同一污染环境、破
T4_915_审理生态环境民事公益诉讼案件.md	最高人民法院关于审理生态环境民事公益诉讼案件适用法律若干问题的解释（2026修正）	第三十五条	本解释施行前最高人民法院发布的司法解释和规范性文件，与本解释不一致的，以本解释为准。
T4_916_适用中华人民共和国生态环境法.md	最高人民法院关于适用《中华人民共和国生态环境法典》时间效力的若干规定	第一条	生态环境法典施行后的法律事实引起的生态环境案件，适用生态环境法典的规定。 生态环境法典施行前的法律事实引起的生态环境案件，适用当时的法律、司法解释的规定，但是法律、司法解释另有规定的除外。
T4_916_适用中华人民共和国生态环境法.md	最高人民法院关于适用《中华人民共和国生态环境法典》时间效力的若干规定	第二条	生态环境法典施行前的法律事实引起的生态环境民事案件，当时的法律、司法解释仅有原则性规定而生态环境法典有具体规定的，适用当时的法律、司法解释的规定，但是可以依据生态环境法典的具体规定进行裁判说理。
T4_916_适用中华人民共和国生态环境法.md	最高人民法院关于适用《中华人民共和国生态环境法典》时间效力的若干规定	第三条	生态环境法典施行前成立的民事合同，依照法律规定或者当事人约定该合同的履行持续至生态环境法典施行后，因生态环境法典施行前履行合同发生争议的，适用当时的法律、司法解释的规定；因生态环境法典施行后履行合同发生争议的，适用生态环境法典有关合同履行的相关规定。
T4_916_适用中华人民共和国生态环境法.md	最高人民法院关于适用《中华人民共和国生态环境法典》时间效力的若干规定	第四条	生态环境法典施行前的侵权行为持续至生态环境法典施行后的，该侵权行为引起的民事纠纷案件，适用生态环境法典的规定。 侵权行为发生在生态环境法典施行前，损害后果出现在生态环境法典施行后的下列情形，适用生态环境法典的规定： （一）土壤污染及其相关的地下水污染责任人无法认定，土地使用权人未依法履行污染风险管控和修复义务，造成他人民事权益损害的，适用生态环境法典第一千零
T4_916_适用中华人民共和国生态环境法.md	最高人民法院关于适用《中华人民共和国生态环境法典》时间效力的若干规定	第五条	生态环境法典施行之日，生态环境民事诉讼时效期间尚未满民法典第一百八十八条规定的三年诉讼时效期间，当事人主张适用生态环境法典第一千零五十四条第二款关于五年诉讼时效期间规定的，人民法院应当予以支持。 生态环境法典施行前，民法典第一百八十八条规定的三年诉讼时效期间已经届满，当事人主张适用生态环境法典第一千零五十四条第二款关于五年诉讼时效期间规定的，人民法院不予支持
T4_916_适用中华人民共和国生态环境法.md	最高人民法院关于适用《中华人民共和国生态环境法典》时间效力的若干规定	第六条	生态环境法典施行后，人民法院审理生态环境保护民事公益诉讼案件，适用生态环境法典第一千零八十一条关于提供证明的规定。
T4_916_适用中华人民共和国生态环境法.md	最高人民法院关于适用《中华人民共和国生态环境法典》时间效力的若干规定	第七条	生态环境法典施行后，人民法院对具有重大风险的污染环境、破坏生态等行为采取禁止令保全措施的，适用生态环境法典第一千零七十九条的规定。
T4_916_适用中华人民共和国生态环境法.md	最高人民法院关于适用《中华人民共和国生态环境法典》时间效力的若干规定	第八条	生态环境法典施行前发生的违法行为有连续或者继续状态，在生态环境法典施行后终了的，该违法行为引起的生态环境行政案件，适用生态环境法典的规定。
T4_916_适用中华人民共和国生态环境法.md	最高人民法院关于适用《中华人民共和国生态环境法典》时间效力的若干规定	第九条	生态环境法典施行后，人民法院审理生态环境行政案件，依据生态环境法典第一千零五十七条的规定确定适用的生态环境法律、法规和规章。
T4_916_适用中华人民共和国生态环境法.md	最高人民法院关于适用《中华人民共和国生态环境法典》时间效力的若干规定	第十条	生态环境法典施行前，设区的市级人民政府生态环境主管部门设立的派出机构以自己的名义实施现场检查、查封、扣押、代履行和行政处罚，行政行为相对人在生态环境法典施行后以该派出机构或者主管部门为被告提起诉讼的，人民法院应当依法予以受理。 生态环境法典施行后，设区的市级人民政府生态环境主管部门设立的派出机构以自己的名义实施现场检查、查封、扣押、代履行和行政处罚，行政行为
T4_916_适用中华人民共和国生态环境法.md	最高人民法院关于适用《中华人民共和国生态环境法典》时间效力的若干规定	第十一条	生态环境法典施行前发生的污染环境、破坏生态和违反绿色低碳义务的行为引起的生态环境案件，确定法律责任时，应当与污染环境、破坏生态和违反绿色低碳义务的行为的事实、性质、情节、危害后果相当。 生态环境法典施行前发生的污染环境、破坏生态等违法行为，有主动消除或者减轻危害后果、有效采取生态环境修复措施、及时缴纳赔偿金等情形，在生态环境法典施行后实施行政处罚的，可以适用
T4_916_适用中华人民共和国生态环境法.md	最高人民法院关于适用《中华人民共和国生态环境法典》时间效力的若干规定	第十二条	生态环境法典施行前已经终审的案件，当事人申请再审或者按照审判监督程序决定再审的，不适用生态环境法典的规定。
T4_916_适用中华人民共和国生态环境法.md	最高人民法院关于适用《中华人民共和国生态环境法典》时间效力的若干规定	第十三条	本规定自2026年8月15日起施行。 本规定施行后，人民法院尚未审结的一审、二审案件适用本规定。
T4_917_审理船舶油污损害赔偿纠纷案件.md	最高人民法院关于审理船舶油污损害赔偿纠纷案件若干问题的规定（2026修正）	第三十二条	本规定实施前本院发布的司法解释与本规定不一致的，以本规定为准。 本规定施行前已经终审的案件，人民法院进行再审时，不适用本规定。
