mfd_no	doc_file	tiao	snippet
10	T1_004_适用中华人民共和国民法典总则.md	第二条	在一定地域、行业范围内长期为一般人从事民事活动时普遍遵守的民间习俗、惯常做法等，可以认定为民法典第十条规定的习惯。 当事人主张适用习惯的，应
27	T1_004_适用中华人民共和国民法典总则.md	第七条	担任监护人的被监护人父母通过遗嘱指定监护人，遗嘱生效时被指定的人不同意担任监护人的，人民法院应当适用民法典第二十七条、第二十八条的规定确定监
27	T1_004_适用中华人民共和国民法典总则.md	第七条	担任监护人的被监护人父母通过遗嘱指定监护人，遗嘱生效时被指定的人不同意担任监护人的，人民法院应当适用民法典第二十七条、第二十八条的规定确定监
27	T1_004_适用中华人民共和国民法典总则.md	第八条	未成年人的父母与其他依法具有监护资格的人订立协议，约定免除具有监护能力的父母的监护职责的，人民法院不予支持。协议约定在未成年人的父母丧失监护
27	T1_005_适用中华人民共和国民法典侵权.md	第七条	未成年子女造成他人损害，被侵权人请求父母共同承担侵权责任的，人民法院依照民法典第二十七条第一款、第一千零六十八条以及第一千一百八十八条的规定
27	T3_001_适用中华人民共和国民事诉讼法.md	第八十三条	在诉讼中，无民事行为能力人、限制民事行为能力人的监护人是他的法定代理人。事先没有确定监护人的，可以由有监护资格的人协商确定；协商不成的，由人
30	T1_004_适用中华人民共和国民法典总则.md	第八条	未成年人的父母与其他依法具有监护资格的人订立协议，约定免除具有监护能力的父母的监护职责的，人民法院不予支持。协议约定在未成年人的父母丧失监护
31	T1_004_适用中华人民共和国民法典总则.md	第九条	人民法院依据民法典第三十一条第二款、第三十六条第一款的规定指定监护人时，应当尊重被监护人的真实意愿，按照最有利于被监护人的原则指定，具体参考
31	T3_001_适用中华人民共和国民事诉讼法.md	第三百四十九条	被指定的监护人不服居民委员会、村民委员会或者民政部门指定，应当自接到通知之日起三十日内向人民法院提出异议。经审理，认为指定并无不当的，裁定驳
32	T3_001_适用中华人民共和国民事诉讼法.md	第八十三条	在诉讼中，无民事行为能力人、限制民事行为能力人的监护人是他的法定代理人。事先没有确定监护人的，可以由有监护资格的人协商确定；协商不成的，由人
33	T1_004_适用中华人民共和国民法典总则.md	第十一条	具有完全民事行为能力的成年人与他人依据民法典第三十三条的规定订立书面协议事先确定自己的监护人后，协议的任何一方在该成年人丧失或者部分丧失民事
35	T1_006_适用中华人民共和国民法典婚姻.md	第十五条	父母双方以法定代理人身份处分用夫妻共同财产购买并登记在未成年子女名下的房屋后，又以违反民法典第三十五条规定损害未成年子女利益为由向相对人主张
36	T1_003_适用中华人民共和国民法典婚姻.md	第六十二条	无民事行为能力人的配偶有民法典第三十六条第一款规定行为，其他有监护资格的人可以要求撤销其监护资格，并依法指定新的监护人；变更后的监护人代理无
36	T1_004_适用中华人民共和国民法典总则.md	第十一条	具有完全民事行为能力的成年人与他人依据民法典第三十三条的规定订立书面协议事先确定自己的监护人后，协议的任何一方在该成年人丧失或者部分丧失民事
39	T1_004_适用中华人民共和国民法典总则.md	第十二条	监护人、其他依法具有监护资格的人之间就监护人是否有民法典第三十九条第一款第二项、第四项规定的应当终止监护关系的情形发生争议，申请变更监护人的
40	T1_004_适用中华人民共和国民法典总则.md	第十四条	人民法院审理宣告失踪案件时，下列人员应当认定为民法典第四十条规定的利害关系人： （一）被申请人的近亲属； （二）依据民法典第一千一百二十八条
42	T3_001_适用中华人民共和国民事诉讼法.md	第三百四十一条	宣告失踪或者宣告死亡案件，人民法院可以根据申请人的请求，清理下落不明人的财产，并指定案件审理期间的财产管理人。公告期满后，人民法院判决宣告失
46	T1_004_适用中华人民共和国民法典总则.md	第十六条	人民法院审理宣告死亡案件时，被申请人的配偶、父母、子女，以及依据民法典第一千一百二十九条规定对被申请人有继承权的亲属应当认定为民法典第四十六
46	T1_004_适用中华人民共和国民法典总则.md	第十七条	自然人在战争期间下落不明的，利害关系人申请宣告死亡的期间适用民法典第四十六条第一款第一项的规定，自战争结束之日或者有关机关确定的下落不明之日
48	T1_009_适用中华人民共和国民法典继承.md	第一条	继承从被继承人生理死亡或者被宣告死亡时开始。 宣告死亡的，根据民法典第四十八条规定确定的死亡日期，为继承开始的时间。
61	T1_008_适用中华人民共和国民法典有关.md	第七条	公司的法定代表人违反公司法关于公司对外担保决议程序的规定，超越权限代表公司与相对人订立担保合同，人民法院应当依照民法典第六十一条和第五百零四
70	T2_025_适用中华人民共和国公司法若干.md	第二条	股东提起解散公司诉讼，同时又申请人民法院对公司进行清算的，人民法院对其提出的清算申请不予受理。人民法院可以告知原告，在人民法院判决解散公司后
70	T2_025_适用中华人民共和国公司法若干.md	第七条	公司应当依照民法典第七十条、公司法第一百八十三条的规定，在解散事由出现之日起十五日内成立清算组，开始自行清算。 有下列情形之一，债权人、公司
84	T2_026_适用中华人民共和国公司法若干.md	第一条	关联交易损害公司利益，原告公司依据民法典第八十四条、公司法第二十一条规定请求控股股东、实际控制人、董事、监事、高级管理人员赔偿所造成的损失，
85	T2_026_适用中华人民共和国公司法若干.md	第四条	分配利润的股东会或者股东大会决议作出后，公司应当在决议载明的时间内完成利润分配。决议没有载明时间的，以公司章程规定的为准。决议、章程中均未规
85	T2_027_适用中华人民共和国公司法若干.md	第二条	依据民法典第八十五条、公司法第二十二条第二款请求撤销股东会或者股东大会、董事会决议的原告，应当在起诉时具有公司股东资格。
85	T2_027_适用中华人民共和国公司法若干.md	第四条	股东请求撤销股东会或者股东大会、董事会决议，符合民法典第八十五条、公司法第二十二条第二款规定的，人民法院应当予以支持，但会议召集程序或者表决
132	T1_004_适用中华人民共和国民法典总则.md	第三条	对于民法典第一百三十二条所称的滥用民事权利，人民法院可以根据权利行使的对象、目的、时间、方式、造成当事人之间利益失衡的程度等因素作出认定。 
135	T1_004_适用中华人民共和国民法典总则.md	第十八条	当事人未采用书面形式或者口头形式，但是实施的行为本身表明已经作出相应意思表示，并符合民事法律行为成立条件的，人民法院可以认定为民法典第一百三
137	T1_004_适用中华人民共和国民法典总则.md	第二十九条	法定代理人、被代理人依据民法典第一百四十五条、第一百七十一条的规定向相对人作出追认的意思表示的，人民法院应当依据民法典第一百三十七条的规定确
142	T1_002_适用中华人民共和国民法典合同.md	第一条	人民法院依据民法典第一百四十二条第一款、第四百六十六条第一款的规定解释合同条款时，应当以词句的通常含义为基础，结合相关条款、合同的性质和目的
144	T2_011_审理民间借贷案件适用法律若干.md	第十一条	法人或者非法人组织在本单位内部通过借款形式向职工筹集资金，用于本单位生产、经营，且不存在民法典第一百四十四条、第一百四十六条、第一百五十三条
144	T2_011_审理民间借贷案件适用法律若干.md	第十二条	借款人或者出借人的借贷行为涉嫌犯罪，或者已经生效的裁判认定构成犯罪，当事人提起民事诉讼的，民间借贷合同并不当然无效。人民法院应当依据民法典第
145	T1_004_适用中华人民共和国民法典总则.md	第二十九条	法定代理人、被代理人依据民法典第一百四十五条、第一百七十一条的规定向相对人作出追认的意思表示的，人民法院应当依据民法典第一百三十七条的规定确
146	T1_008_适用中华人民共和国民法典有关.md	第六十八条	债务人或者第三人与债权人约定将财产形式上转移至债权人名下，债务人不履行到期债务，债权人有权对财产折价或者以拍卖、变卖该财产所得价款偿还债务的
146	T2_011_审理民间借贷案件适用法律若干.md	第十条	法人之间、非法人组织之间以及它们相互之间为生产、经营需要订立的民间借贷合同，除存在民法典第一百四十六条、第一百五十三条、第一百五十四条以及本
147	T1_004_适用中华人民共和国民法典总则.md	第十九条	行为人对行为的性质、对方当事人或者标的物的品种、质量、规格、价格、数量等产生错误认识，按照通常理解如果不发生该错误认识行为人就不会作出相应意
148	T1_004_适用中华人民共和国民法典总则.md	第二十一条	故意告知虚假情况，或者负有告知义务的人故意隐瞒真实情况，致使当事人基于错误认识作出意思表示的，人民法院可以认定为民法典第一百四十八条、第一百
148	T2_001_审理技术合同纠纷案件适用法律.md	第九条	当事人一方采取欺诈手段，就其现有技术成果作为研究开发标的与他人订立委托开发合同收取研究开发费用，或者就同一研究开发课题先后与两个或者两个以上
150	T1_004_适用中华人民共和国民法典总则.md	第二十二条	以给自然人及其近亲属等的人身权利、财产权利以及其他合法权益造成损害或者以给法人、非法人组织的名誉、荣誉、财产权益等造成损害为要挟，迫使其基于
151	T1_002_适用中华人民共和国民法典合同.md	第十一条	当事人一方是自然人，根据该当事人的年龄、智力、知识、经验并结合交易的复杂程度，能够认定其对合同的性质、合同订立的法律后果或者交易中存在的特定
152	T1_003_适用中华人民共和国民法典婚姻.md	第十九条	民法典第一千零五十二条规定的“一年”，不适用诉讼时效中止、中断或者延长的规定。 受胁迫或者被非法限制人身自由的当事人请求撤销婚姻的，不适用民
153	T1_002_适用中华人民共和国民法典合同.md	第十四条	当事人之间就同一交易订立多份合同，人民法院应当认定其中以虚假意思表示订立的合同无效。当事人为规避法律、行政法规的强制性规定，以虚假意思表示隐
153	T1_002_适用中华人民共和国民法典合同.md	第十六条	合同违反法律、行政法规的强制性规定，有下列情形之一，由行为人承担行政责任或者刑事责任能够实现强制性规定的立法目的的，人民法院可以依据民法典第
153	T1_002_适用中华人民共和国民法典合同.md	第十七条	合同虽然不违反法律、行政法规的强制性规定，但是有下列情形之一，人民法院应当依据民法典第一百五十三条第二款的规定认定合同无效： （一）合同影响
153	T2_006_审理建设工程施工合同纠纷案件.md	第一条	建设工程施工合同具有下列情形之一的，应当依据民法典第一百五十三条第一款的规定，认定无效： （一）承包人未取得建筑业企业资质或者超越资质等级的
153	T4_002_审理森林资源民事纠纷案件适用.md	第十三条	林地经营权流转合同终止时，对于林地经营权人种植的地上林木，按照下列情形处理： （一）合同有约定的，按照约定处理，但该约定依据民法典第一百五十
153	T4_004_审理垄断民事纠纷案件适用法律.md	第四十八条	当事人主张被诉垄断行为所涉合同或者经营者团体的章程、决议、决定等因违反反垄断法或者其他法律、行政法规的强制性规定而无效的，人民法院应当依照民
153	T4_906_审理森林资源民事纠纷案件适用.md	第十三条	林地经营权流转合同终止时，对于林地经营权人种植的地上林木，按照下列情形处理： （一）合同有约定的，按照约定处理，但该约定依据民法典第一百五十
154	T2_907_审理涉及刑事犯罪的民事纠纷案.md	第十八条	法定代表人、负责人或者代理人与相对人恶意串通，以法人、非法人组织的名义订立合同，损害法人、非法人组织合法权益构成犯罪，当事人援引民法典第一百
157	T1_002_适用中华人民共和国民法典合同.md	第十二条	合同依法成立后，负有报批义务的当事人不履行报批义务或者履行报批义务不符合合同的约定或者法律、行政法规的规定，对方请求其继续履行报批义务的，人
157	T1_002_适用中华人民共和国民法典合同.md	第十四条	当事人之间就同一交易订立多份合同，人民法院应当认定其中以虚假意思表示订立的合同无效。当事人为规避法律、行政法规的强制性规定，以虚假意思表示隐
157	T1_002_适用中华人民共和国民法典合同.md	第二十条	法律、行政法规为限制法人的法定代表人或者非法人组织的负责人的代表权，规定合同所涉事项应当由法人、非法人组织的权力机构或者决策机构决议，或者应
157	T1_002_适用中华人民共和国民法典合同.md	第二十一条	法人、非法人组织的工作人员就超越其职权范围的事项以法人、非法人组织的名义订立合同，相对人主张该合同对法人、非法人组织发生效力并由其承担违约责
157	T1_004_适用中华人民共和国民法典总则.md	第二十三条	民事法律行为不成立，当事人请求返还财产、折价补偿或者赔偿损失的，参照适用民法典第一百五十七条的规定。
157	T1_006_适用中华人民共和国民法典婚姻.md	第七条	夫妻一方为重婚、与他人同居以及其他违反夫妻忠实义务等目的，将夫妻共同财产赠与他人或者以明显不合理的价格处分夫妻共同财产，另一方主张该民事法律
157	T2_009_审理城镇房屋租赁合同纠纷案件.md	第四条	房屋租赁合同无效，当事人请求参照合同约定的租金标准支付房屋占有使用费的，人民法院一般应予支持。 当事人请求赔偿因合同无效受到的损失，人民法院
157	T2_013_审理预付式消费民事纠纷案件适.md	第十五条	预付式消费合同解除、无效、被撤销或者确定不发生效力，消费者请求经营者返还剩余预付款并支付利息的，人民法院应予支持。返还预付款本金应为预付款扣
157	T2_907_审理涉及刑事犯罪的民事纠纷案.md	第十九条	行为人以法人、非法人组织或者他人名义订立合同的行为构成诈骗、合同诈骗、骗取贷款等犯罪，相对人请求未构成犯罪的法人、非法人组织或者他人承担民事
169	T1_004_适用中华人民共和国民法典总则.md	第二十六条	由于急病、通讯联络中断、疫情防控等特殊原因，委托代理人自己不能办理代理事项，又不能与被代理人及时取得联系，如不及时转委托第三人代理，会给被代
171	T1_004_适用中华人民共和国民法典总则.md	第二十五条	数个委托代理人共同行使代理权，其中一人或者数人未与其他委托代理人协商，擅自行使代理权的，依据民法典第一百七十一条、第一百七十二条等规定处理。
172	T1_002_适用中华人民共和国民法典合同.md	第二十一条	法人、非法人组织的工作人员就超越其职权范围的事项以法人、非法人组织的名义订立合同，相对人主张该合同对法人、非法人组织发生效力并由其承担违约责
172	T1_002_适用中华人民共和国民法典合同.md	第二十二条	法定代表人、负责人或者工作人员以法人、非法人组织的名义订立合同且未超越权限，法人、非法人组织仅以合同加盖的印章不是备案印章或者系伪造的印章为
172	T1_004_适用中华人民共和国民法典总则.md	第二十八条	同时符合下列条件的，人民法院可以认定为民法典第一百七十二条规定的相对人有理由相信行为人有代理权： （一）存在代理权的外观； （二）相对人不知
172	T2_010_审理期货纠纷案件若干问题的规.md	第九条	期货公司授权非本公司人员以本公司的名义从事期货交易行为的，期货公司应当承担由此产生的民事责任；非期货公司人员以期货公司名义从事期货交易行为，
172	T4_013_审理海上货运代理纠纷案件若干.md	第六条	一方当事人根据双方的交易习惯，有理由相信行为人有权代表对方当事人订立海上货运代理合同，该方当事人依据民法典第一百七十二条的规定主张合同成立的
172	T2_903_审理建设工程施工合同纠纷案件.md	第五条	借用资质的单位或者个人以出借资质的建筑施工企业名义购买建筑材料、建筑构配件和设备，租赁设备等，相对人请求该建筑施工企业承担民事责任，符合民法
178	T2_022_审理证券市场虚假陈述侵权民事.md	第二十三条	承担连带责任的当事人之间的责任分担与追偿，按照民法典第一百七十八条的规定处理，但本规定第二十条第二款规定的情形除外。 保荐机构、承销机构等责
178	T4_003_审理生态环境侵权责任纠纷案件.md	第二十四条	两个以上侵权人就污染环境、破坏生态造成的损害承担连带责任，实际承担责任超过自己责任份额的侵权人根据民法典第一百七十八条的规定向其他侵权人追偿
178	T4_913_审理生态环境侵权责任纠纷案件.md	第二十三条	两个以上侵权人就污染环境、破坏生态造成的损害承担连带责任，实际承担责任超过自己责任份额的侵权人根据民法典第一百七十八条的规定向其他侵权人追偿
179	T4_009_审理侵害植物新品种权纠纷案件.md	第六条	人民法院审理侵害植物新品种权纠纷案件，应当依照民法典第一百七十九条、第一千一百八十五条和种子法第七十三条的规定，结合案件具体情况，判决侵权人
179	T4_011_审理商标民事纠纷案件适用法律.md	第二十一条	人民法院在审理侵犯注册商标专用权纠纷案件中，依据民法典第一百七十九条、商标法第六十条的规定和案件具体情况，可以判决侵权人承担停止侵害、排除妨
181	T1_004_适用中华人民共和国民法典总则.md	第三十条	为了使国家利益、社会公共利益、本人或者他人的人身权利、财产权利以及其他合法权益免受正在进行的不法侵害，而针对实施侵害行为的人采取的制止不法侵
182	T1_004_适用中华人民共和国民法典总则.md	第三十二条	为了使国家利益、社会公共利益、本人或者他人的人身权利、财产权利以及其他合法权益免受正在发生的急迫危险，不得已而采取紧急措施的，应当认定为民法
183	T1_004_适用中华人民共和国民法典总则.md	第三十四条	因保护他人民事权益使自己受到损害，受害人依据民法典第一百八十三条的规定请求受益人适当补偿的，人民法院可以根据受害人所受损失和已获赔偿的情况、
185	T1_001_适用中华人民共和国民法典时间.md	第六条	《中华人民共和国民法总则》施行前，侵害英雄烈士等的姓名、肖像、名誉、荣誉，损害社会公共利益引起的民事纠纷案件，适用民法典第一百八十五条的规定
186	T4_007_审理著作权民事纠纷案件适用法.md	第二十三条	出版者将著作权人交付出版的作品丢失、毁损致使出版合同不能履行的，著作权人有权依据民法典第一百八十六条、第二百三十八条、第一千一百八十四条等规
186	T4_918_审理著作权民事纠纷案件适用法.md	第二十一条	出版者将著作权人交付出版的作品丢失、毁损致使出版合同不能履行的，著作权人有权依据民法典第一百八十六条、第二百三十八条、第一千一百八十四条等规
188	T1_004_适用中华人民共和国民法典总则.md	第三十五条	民法典第一百八十八条第一款规定的三年诉讼时效期间，可以适用民法典有关诉讼时效中止、中断的规定，不适用延长的规定。该条第二款规定的二十年期间不
188	T1_004_适用中华人民共和国民法典总则.md	第三十七条	无民事行为能力人、限制民事行为能力人的权利受到原法定代理人损害，且在取得、恢复完全民事行为能力或者在原法定代理终止并确定新的法定代理人后，相
188	T4_008_在民事审判工作中适用中华人民.md	第七条	对于企业、事业单位无正当理由拖延或者拒不拨缴工会经费的，工会组织向人民法院请求保护其权利的诉讼时效期间，适用民法典第一百八十八条的规定。
188	T4_916_适用中华人民共和国生态环境法.md	第五条	生态环境法典施行之日，生态环境民事诉讼时效期间尚未满民法典第一百八十八条规定的三年诉讼时效期间，当事人主张适用生态环境法典第一千零五十四条第
195	T1_004_适用中华人民共和国民法典总则.md	第三十八条	诉讼时效依据民法典第一百九十五条的规定中断后，在新的诉讼时效期间内，再次出现第一百九十五条规定的中断事由，可以认定为诉讼时效再次中断。 权利
195	T1_010_审理民事案件适用诉讼时效制度.md	第八条	具有下列情形之一的，应当认定为民法典第一百九十五条规定的“权利人向义务人提出履行请求”，产生诉讼时效中断的效力： （一）当事人一方直接向对方
195	T1_010_审理民事案件适用诉讼时效制度.md	第十四条	义务人作出分期履行、部分履行、提供担保、请求延期履行、制定清偿债务计划等承诺或者行为的，应当认定为民法典第一百九十五条规定的“义务人同意履行
220	T1_007_适用中华人民共和国民法典物权.md	第三条	异议登记因民法典第二百二十条第二款规定的事由失效后，当事人提起民事诉讼，请求确认物权归属的，应当依法受理。异议登记失效不影响人民法院对案件的
221	T1_007_适用中华人民共和国民法典物权.md	第四条	未经预告登记的权利人同意，转让不动产所有权等物权，或者设立建设用地使用权、居住权、地役权、抵押权等其他物权的，应当依照民法典第二百二十一条第
221	T1_007_适用中华人民共和国民法典物权.md	第五条	预告登记的买卖不动产物权的协议被认定无效、被撤销，或者预告登记的权利人放弃债权的，应当认定为民法典第二百二十一条第二款所称的“债权消灭”。
225	T1_007_适用中华人民共和国民法典物权.md	第六条	转让人转让船舶、航空器和机动车等所有权，受让人已经支付合理价款并取得占有，虽未经登记，但转让人的债权人主张其为民法典第二百二十五条所称的“善
225	T1_007_适用中华人民共和国民法典物权.md	第十九条	转让人将民法典第二百二十五条规定的船舶、航空器和机动车等交付给受让人的，应当认定符合民法典第三百一十一条第一款第三项规定的善意取得的条件。
226	T1_007_适用中华人民共和国民法典物权.md	第十七条	民法典第三百一十一条第一款第一项所称的“受让人受让该不动产或者动产时”，是指依法完成不动产物权转移登记或者动产交付之时。 当事人以民法典第二
227	T1_007_适用中华人民共和国民法典物权.md	第十七条	民法典第三百一十一条第一款第一项所称的“受让人受让该不动产或者动产时”，是指依法完成不动产物权转移登记或者动产交付之时。 当事人以民法典第二
229	T1_007_适用中华人民共和国民法典物权.md	第七条	人民法院、仲裁机构在分割共有不动产或者动产等案件中作出并依法生效的改变原有物权关系的判决书、裁决书、调解书，以及人民法院在执行程序中作出的拍
229	T1_007_适用中华人民共和国民法典物权.md	第八条	依据民法典第二百二十九条至第二百三十一条规定享有物权，但尚未完成动产交付或者不动产登记的权利人，依据民法典第二百三十五条至第二百三十八条的规
229	T4_001_审理建筑物区分所有权纠纷案件.md	第一条	依法登记取得或者依据民法典第二百二十九条至第二百三十一条规定取得建筑物专有部分所有权的人，应当认定为民法典第二编第六章所称的业主。 基于与建
234	T3_002_审理执行异议之诉案件适用法律.md	第四条	案外人提起执行异议之诉并依照民法典第二百三十四条等规定就执行标的的归属提出确权请求的，以被执行人为被告。
234	T4_002_审理森林资源民事纠纷案件适用.md	第二条	当事人因下列行为，对林地、林木的物权归属、内容产生争议，依据民法典第二百三十四条的规定提起民事诉讼，请求确认权利的，人民法院应当依法受理： 
234	T4_906_审理森林资源民事纠纷案件适用.md	第二条	当事人因下列行为，对林地、林木的物权归属、内容产生争议，依据民法典第二百三十四条的规定提起民事诉讼，请求确认权利的，人民法院应当依法受理： 
235	T1_007_适用中华人民共和国民法典物权.md	第八条	依据民法典第二百二十九条至第二百三十一条规定享有物权，但尚未完成动产交付或者不动产登记的权利人，依据民法典第二百三十五条至第二百三十八条的规
275	T4_001_审理建筑物区分所有权纠纷案件.md	第六条	建筑区划内在规划用于停放汽车的车位之外，占用业主共有道路或者其他场地增设的车位，应当认定为民法典第二百七十五条第二款所称的车位。
276	T4_001_审理建筑物区分所有权纠纷案件.md	第五条	建设单位按照配置比例将车位、车库，以出售、附赠或者出租等方式处分给业主的，应当认定其行为符合民法典第二百七十六条有关“应当首先满足业主的需要
278	T4_001_审理建筑物区分所有权纠纷案件.md	第七条	处分共有部分，以及业主大会依法决定或者管理规约依法确定应由业主共同决定的事项，应当认定为民法典第二百七十八条第一款第（九）项规定的有关共有和
278	T4_001_审理建筑物区分所有权纠纷案件.md	第八条	民法典第二百七十八条第二款和第二百八十三条规定的专有部分面积可以按照不动产登记簿记载的面积计算；尚未进行物权登记的，暂按测绘机构的实测面积计
278	T4_001_审理建筑物区分所有权纠纷案件.md	第九条	民法典第二百七十八条第二款规定的业主人数可以按照专有部分的数量计算，一个专有部分按一人计算。但建设单位尚未出售和虽已出售但尚未交付的部分，以
279	T4_001_审理建筑物区分所有权纠纷案件.md	第十条	业主将住宅改变为经营性用房，未依据民法典第二百七十九条的规定经有利害关系的业主一致同意，有利害关系的业主请求排除妨害、消除危险、恢复原状或者
279	T4_001_审理建筑物区分所有权纠纷案件.md	第十一条	业主将住宅改变为经营性用房，本栋建筑物内的其他业主，应当认定为民法典第二百七十九条所称“有利害关系的业主”。建筑区划内，本栋建筑物之外的业主
280	T4_001_审理建筑物区分所有权纠纷案件.md	第十二条	业主以业主大会或者业主委员会作出的决定侵害其合法权益或者违反了法律规定的程序为由，依据民法典第二百八十条第二款的规定请求人民法院撤销该决定的
286	T4_001_审理建筑物区分所有权纠纷案件.md	第十五条	业主或者其他行为人违反法律、法规、国家相关强制性标准、管理规约，或者违反业主大会、业主委员会依法作出的决定，实施下列行为的，可以认定为民法典
303	T2_008_适用中华人民共和国企业破产法.md	第四条	债务人对按份享有所有权的共有财产的相关份额，或者共同享有所有权的共有财产的相应财产权利，以及依法分割共有财产所得部分，人民法院均应认定为债务
305	T1_007_适用中华人民共和国民法典物权.md	第十条	民法典第三百零五条所称的“同等条件”，应当综合共有份额的转让价格、价款履行方式及期限等因素确定。
305	T1_007_适用中华人民共和国民法典物权.md	第十三条	按份共有人之间转让共有份额，其他按份共有人主张依据民法典第三百零五条规定优先购买的，不予支持，但按份共有人之间另有约定的除外。
311	T1_002_适用中华人民共和国民法典合同.md	第十九条	以转让或者设定财产权利为目的订立的合同，当事人或者真正权利人仅以让与人在订立合同时对标的物没有所有权或者处分权为由主张合同无效的，人民法院不
311	T1_007_适用中华人民共和国民法典物权.md	第十七条	民法典第三百一十一条第一款第一项所称的“受让人受让该不动产或者动产时”，是指依法完成不动产物权转移登记或者动产交付之时。 当事人以民法典第二
311	T1_007_适用中华人民共和国民法典物权.md	第十八条	民法典第三百一十一条第一款第二项所称“合理的价格”，应当根据转让标的物的性质、数量以及付款方式等具体情况，参考转让时交易地市场价格以及交易习
311	T1_007_适用中华人民共和国民法典物权.md	第十九条	转让人将民法典第二百二十五条规定的船舶、航空器和机动车等交付给受让人的，应当认定符合民法典第三百一十一条第一款第三项规定的善意取得的条件。
311	T1_007_适用中华人民共和国民法典物权.md	第二十条	具有下列情形之一，受让人主张依据民法典第三百一十一条规定取得所有权的，不予支持： （一）转让合同被认定无效； （二）转让合同被撤销。
311	T1_008_适用中华人民共和国民法典有关.md	第三十七条	当事人以所有权、使用权不明或者有争议的财产抵押，经审查构成无权处分的，人民法院应当依照民法典第三百一十一条的规定处理。 当事人以依法被查封或
311	T2_002_审理买卖合同纠纷案件适用法律.md	第二十六条	买受人已经支付标的物总价款的百分之七十五以上，出卖人主张取回标的物的，人民法院不予支持。 在民法典第六百四十二条第一款第三项情形下，第三人依
311	T2_008_适用中华人民共和国企业破产法.md	第三十条	债务人占有的他人财产被违法转让给第三人，依据民法典第三百一十一条的规定第三人已善意取得财产所有权，原权利人无法取回该财产的，人民法院应当按照
311	T2_008_适用中华人民共和国企业破产法.md	第三十一条	债务人占有的他人财产被违法转让给第三人，第三人已向债务人支付了转让价款，但依据民法典第三百一十一条的规定未取得财产所有权，原权利人依法追回转
311	T2_015_适用中华人民共和国公司法若干.md	第七条	出资人以不享有处分权的财产出资，当事人之间对于出资行为效力产生争议的，人民法院可以参照民法典第三百一十一条的规定予以认定。 以贪污、受贿、侵
311	T2_015_适用中华人民共和国公司法若干.md	第二十五条	名义股东将登记于其名下的股权转让、质押或者以其他方式处分，实际出资人以其对于股权享有实际权利为由，请求认定处分股权行为无效的，人民法院可以参
311	T2_015_适用中华人民共和国公司法若干.md	第二十七条	股权转让后尚未向公司登记机关办理变更登记，原股东将仍登记于其名下的股权转让、质押或者以其他方式处分，受让股东以其对于股权享有实际权利为由，请
311	T4_002_审理森林资源民事纠纷案件适用.md	第四条	当事人一方未依法经林权证等权利证书载明的共有人同意，擅自处分林地、林木，另一方主张取得相关权利的，人民法院不予支持。但符合民法典第三百一十一
311	T4_906_审理森林资源民事纠纷案件适用.md	第四条	当事人一方未依法经林权证等权利证书载明的共有人同意，擅自处分林地、林木，另一方主张取得相关权利的，人民法院不予支持。但符合民法典第三百一十一
392	T3_001_适用中华人民共和国民事诉讼法.md	第三百六十三条	依照民法典第三百九十二条的规定，被担保的债权既有物的担保又有人的担保，当事人对实现担保物权的顺序有约定，实现担保物权的申请违反该约定的，人民
401	T1_001_适用中华人民共和国民法典时间.md	第七条	民法典施行前，当事人在债务履行期限届满前约定债务人不履行到期债务时抵押财产或者质押财产归债权人所有的，适用民法典第四百零一条和第四百二十八条
414	T2_037_适用中华人民共和国企业破产法.md	第二条	破产申请受理后，经债权人会议决议通过，或者第一次债权人会议召开前经人民法院许可，管理人或者自行管理的债务人可以为债务人继续营业而借款。提供借
423	T1_008_适用中华人民共和国民法典有关.md	第三十条	最高额保证合同对保证期间的计算方式、起算时间等有约定的，按照其约定。 最高额保证合同对保证期间的计算方式、起算时间等没有约定或者约定不明，被
450	T1_008_适用中华人民共和国民法典有关.md	第三十八条	主债权未受全部清偿，担保物权人主张就担保财产的全部行使担保物权的，人民法院应予支持，但是留置权人行使留置权的，应当依照民法典第四百五十条的规
467	T2_002_审理买卖合同纠纷案件适用法律.md	第三十二条	法律或者行政法规对债权转让、股权转让等权利转让合同有规定的，依照其规定；没有规定的，人民法院可以根据民法典第四百六十七条和第六百四十六条的规
490	T4_007_审理著作权民事纠纷案件适用法.md	第二十二条	著作权转让合同未采取书面形式的，人民法院依据民法典第四百九十条的规定审查合同是否成立。
490	T4_918_审理著作权民事纠纷案件适用法.md	第二十条	著作权转让合同未采取书面形式的，人民法院依据民法典第四百九十条的规定审查合同是否成立。
496	T1_001_适用中华人民共和国民法典时间.md	第九条	民法典施行前订立的合同，提供格式条款一方未履行提示或者说明义务，涉及格式条款效力认定的，适用民法典第四百九十六条的规定。
496	T1_002_适用中华人民共和国民法典合同.md	第九条	合同条款符合民法典第四百九十六条第一款规定的情形，当事人仅以合同系依据合同示范文本制作或者双方已经明确约定合同条款不属于格式条款为由主张该条
496	T1_002_适用中华人民共和国民法典合同.md	第十条	提供格式条款的一方在合同订立时采用通常足以引起对方注意的文字、符号、字体等明显标识，提示对方注意免除或者减轻其责任、排除或者限制对方权利等与
497	T2_004_审理使用人脸识别技术处理个人.md	第十一条	信息处理者采用格式条款与自然人订立合同，要求自然人授予其无期限限制、不可撤销、可任意转授权等处理人脸信息的权利，该自然人依据民法典第四百九十
497	T2_013_审理预付式消费民事纠纷案件适.md	第九条	消费者依照消费者权益保护法第二十六条、民法典第四百九十七条等法律规定，主张经营者提供的下列格式条款无效的，人民法院应予支持： （一）排除消费
500	T2_010_审理期货纠纷案件若干问题的规.md	第十六条	期货公司在与客户订立期货经纪合同时，未提示客户注意《期货交易风险说明书》内容，并由客户签字或者盖章，对于客户在交易中的损失，应当依据民法典第
502	T1_002_适用中华人民共和国民法典合同.md	第十四条	当事人之间就同一交易订立多份合同，人民法院应当认定其中以虚假意思表示订立的合同无效。当事人为规避法律、行政法规的强制性规定，以虚假意思表示隐
504	T1_002_适用中华人民共和国民法典合同.md	第二十条	法律、行政法规为限制法人的法定代表人或者非法人组织的负责人的代表权，规定合同所涉事项应当由法人、非法人组织的权力机构或者决策机构决议，或者应
504	T1_002_适用中华人民共和国民法典合同.md	第二十二条	法定代表人、负责人或者工作人员以法人、非法人组织的名义订立合同且未超越权限，法人、非法人组织仅以合同加盖的印章不是备案印章或者系伪造的印章为
510	T1_002_适用中华人民共和国民法典合同.md	第三条	当事人对合同是否成立存在争议，人民法院能够确定当事人姓名或者名称、标的和数量的，一般应当认定合同成立。但是，法律另有规定或者当事人另有约定的
510	T1_010_审理民事案件适用诉讼时效制度.md	第四条	未约定履行期限的合同，依照民法典第五百一十条、第五百一十一条的规定，可以确定履行期限的，诉讼时效期间从履行期限届满之日起计算；不能确定履行期
510	T2_002_审理买卖合同纠纷案件适用法律.md	第二条	标的物为无需以有形载体交付的电子信息产品，当事人对交付方式约定不明确，且依照民法典第五百一十条的规定仍不能确定的，买受人收到约定的电子信息产
510	T2_013_审理预付式消费民事纠纷案件适.md	第八条	经营者未与消费者就商品或者服务的质量、价款、履行期限、履行地点和履行方式等内容订立书面合同或者虽订立书面合同但对合同内容约定不明，依照民法典
522	T1_002_适用中华人民共和国民法典合同.md	第二十九条	民法典第五百二十二条第二款规定的第三人请求债务人向自己履行债务的，人民法院应予支持；请求行使撤销权、解除权等民事权利的，人民法院不予支持，但
522	T1_006_适用中华人民共和国民法典婚姻.md	第二十条	离婚协议约定将部分或者全部夫妻共同财产给予子女，离婚后，一方在财产权利转移之前请求撤销该约定的，人民法院不予支持，但另一方同意的除外。 一方
524	T1_002_适用中华人民共和国民法典合同.md	第三十条	下列民事主体，人民法院可以认定为民法典第五百二十四条第一款规定的对履行债务具有合法利益的第三人： （一）保证人或者提供物的担保的第三人； （
525	T1_002_适用中华人民共和国民法典合同.md	第三十一条	当事人互负债务，一方以对方没有履行非主要债务为由拒绝履行自己的主要债务的，人民法院不予支持。但是，对方不履行非主要债务致使不能实现合同目的或
526	T1_002_适用中华人民共和国民法典合同.md	第三十一条	当事人互负债务，一方以对方没有履行非主要债务为由拒绝履行自己的主要债务的，人民法院不予支持。但是，对方不履行非主要债务致使不能实现合同目的或
533	T1_002_适用中华人民共和国民法典合同.md	第三十二条	合同成立后，因政策调整或者市场供求关系异常变动等原因导致价格发生当事人在订立合同时无法预见的、不属于商业风险的涨跌，继续履行合同对于当事人一
533	T1_002_适用中华人民共和国民法典合同.md	第三十二条	合同成立后，因政策调整或者市场供求关系异常变动等原因导致价格发生当事人在订立合同时无法预见的、不属于商业风险的涨跌，继续履行合同对于当事人一
533	T2_903_审理建设工程施工合同纠纷案件.md	第九条	建设工程施工合同约定按照固定价格结算工程价款，当事人以约定的建设工期内人工费、主要建筑材料价格发生重大变化为由请求调整工程价款的，人民法院不
535	T1_002_适用中华人民共和国民法典合同.md	第三十三条	债务人不履行其对债权人的到期债务，又不以诉讼或者仲裁方式向相对人主张其享有的债权或者与该债权有关的从权利，致使债权人的到期债权未能实现的，人
535	T1_002_适用中华人民共和国民法典合同.md	第三十四条	下列权利，人民法院可以认定为民法典第五百三十五条第一款规定的专属于债务人自身的权利： （一）抚养费、赡养费或者扶养费请求权； （二）人身损害
535	T1_002_适用中华人民共和国民法典合同.md	第三十五条	债权人依据民法典第五百三十五条的规定对债务人的相对人提起代位权诉讼的，由被告住所地人民法院管辖，但是依法应当适用专属管辖规定的除外。 债务人
535	T2_006_审理建设工程施工合同纠纷案件.md	第四十四条	实际施工人依据民法典第五百三十五条规定，以转包人或者违法分包人怠于向发包人行使到期债权或者与该债权有关的从权利，影响其到期债权实现，提起代位
535	T2_903_审理建设工程施工合同纠纷案件.md	第七条	借用资质的单位或者个人、接受转包或者违法分包的单位或者个人依据民法典第五百三十五条关于代位权的规定，以出借资质的建筑施工企业、转包人或者违法
538	T1_002_适用中华人民共和国民法典合同.md	第四十四条	债权人依据民法典第五百三十八条、第五百三十九条的规定提起撤销权诉讼的，应当以债务人和债务人的相对人为共同被告，由债务人或者相对人的住所地人民
538	T1_006_适用中华人民共和国民法典婚姻.md	第三条	夫妻一方的债权人有证据证明离婚协议中财产分割条款影响其债权实现，请求参照适用民法典第五百三十八条或者第五百三十九条规定撤销相关条款的，人民法
538	T2_008_适用中华人民共和国企业破产法.md	第十三条	破产申请受理后，管理人未依据企业破产法第三十一条的规定请求撤销债务人无偿转让财产、以明显不合理价格交易、放弃债权行为的，债权人依据民法典第五
538	T2_016_审理与企业改制相关的民事纠纷.md	第二十九条	出售企业的行为具有民法典第五百三十八条、第五百三十九条规定的情形，债权人在法定期限内行使撤销权的，人民法院应当予以支持。 七、企业兼并
539	T1_002_适用中华人民共和国民法典合同.md	第四十二条	对于民法典第五百三十九条规定的“明显不合理”的低价或者高价，人民法院应当按照交易当地一般经营者的判断，并参考交易时交易地的市场交易价或者物价
539	T1_002_适用中华人民共和国民法典合同.md	第四十三条	债务人以明显不合理的价格，实施互易财产、以物抵债、出租或者承租财产、知识产权许可使用等行为，影响债权人的债权实现，债务人的相对人知道或者应当
540	T1_002_适用中华人民共和国民法典合同.md	第四十五条	在债权人撤销权诉讼中，被撤销行为的标的可分，当事人主张在受影响的债权范围内撤销债务人的行为的，人民法院应予支持；被撤销行为的标的不可分，债权
552	T1_008_适用中华人民共和国民法典有关.md	第十二条	法定代表人依照民法典第五百五十二条的规定以公司名义加入债务的，人民法院在认定该行为的效力时，可以参照本解释关于公司为他人提供担保的有关规则处
552	T1_008_适用中华人民共和国民法典有关.md	第三十六条	第三人向债权人提供差额补足、流动性支持等类似承诺文件作为增信措施，具有提供担保的意思表示，债权人请求第三人承担保证责任的，人民法院应当依照保
560	T1_002_适用中华人民共和国民法典合同.md	第五十六条	行使抵销权的一方负担的数项债务种类相同，但是享有的债权不足以抵销全部债务，当事人因抵销的顺序发生争议的，人民法院可以参照民法典第五百六十条的
561	T1_002_适用中华人民共和国民法典合同.md	第五十六条	行使抵销权的一方负担的数项债务种类相同，但是享有的债权不足以抵销全部债务，当事人因抵销的顺序发生争议的，人民法院可以参照民法典第五百六十条的
563	T2_001_审理技术合同纠纷案件适用法律.md	第十五条	技术合同当事人一方迟延履行主要债务，经催告后在30日内仍未履行，另一方依据民法典第五百六十三条第一款第（三）项的规定主张解除合同的，人民法院
563	T2_001_审理技术合同纠纷案件适用法律.md	第二十三条	专利申请权转让合同当事人以专利申请被驳回或者被视为撤回为由请求解除合同，该事实发生在依照专利法第十条第三款的规定办理专利申请权转让登记之前的
563	T2_002_审理买卖合同纠纷案件适用法律.md	第十九条	出卖人没有履行或者不当履行从给付义务，致使买受人不能实现合同目的，买受人主张解除合同的，人民法院应当根据民法典第五百六十三条第一款第四项的规
563	T2_010_审理期货纠纷案件若干问题的规.md	第四十四条	在交割日，卖方期货公司未向期货交易所交付标准仓单，或者买方期货公司未向期货交易所账户交付足额货款，构成交割违约。 构成交割违约的，违约方应当
563	T2_017_审理商品房买卖合同纠纷案件适.md	第十一条	根据民法典第五百六十三条的规定，出卖人迟延交付房屋或者买受人迟延支付购房款，经催告后在三个月的合理期限内仍未履行，解除权人请求解除合同的，应
564	T1_001_适用中华人民共和国民法典时间.md	第二十五条	民法典施行前成立的合同，当时的法律、司法解释没有规定且当事人没有约定解除权行使期限，对方当事人也未催告的，解除权人在民法典施行前知道或者应当
565	T1_001_适用中华人民共和国民法典时间.md	第十条	民法典施行前，当事人一方未通知对方而直接以提起诉讼方式依法主张解除合同的，适用民法典第五百六十五条第二款的规定。
566	T1_002_适用中华人民共和国民法典合同.md	第五十二条	当事人就解除合同协商一致时未对合同解除后的违约责任、结算和清理等问题作出处理，一方主张合同已经解除的，人民法院应予支持。但是，当事人另有约定
568	T1_002_适用中华人民共和国民法典合同.md	第五十五条	当事人一方依据民法典第五百六十八条的规定主张抵销，人民法院经审理认为抵销权成立的，应当认定通知到达对方时双方互负的主债务、利息、违约金或者损
570	T3_003_执行和解若干问题的规定.md	第七条	执行和解协议履行过程中，符合民法典第五百七十条规定情形的，债务人可以依法向有关机构申请提存；执行和解协议约定给付金钱的，债务人也可以向执行法
577	T2_006_审理建设工程施工合同纠纷案件.md	第十九条	当事人对建设工程的计价标准或者计价方法有约定的，按照约定结算工程价款。 因设计变更导致建设工程的工程量或者质量标准发生变化，当事人对该部分工
578	T3_003_执行和解若干问题的规定.md	第十一条	申请执行人以被执行人一方不履行执行和解协议为由申请恢复执行，人民法院经审查，理由成立的，裁定恢复执行；有下列情形之一的，裁定不予恢复执行： 
578	T3_003_执行和解若干问题的规定.md	第十九条	执行过程中，被执行人根据当事人自行达成但未提交人民法院的和解协议，或者一方当事人提交人民法院但其他当事人不予认可的和解协议，依照民事诉讼法第
580	T1_001_适用中华人民共和国民法典时间.md	第十一条	民法典施行前成立的合同，当事人一方不履行非金钱债务或者履行非金钱债务不符合约定，对方可以请求履行，但是有民法典第五百八十条第一款第一项、第二
580	T1_001_适用中华人民共和国民法典时间.md	第十一条	民法典施行前成立的合同，当事人一方不履行非金钱债务或者履行非金钱债务不符合约定，对方可以请求履行，但是有民法典第五百八十条第一款第一项、第二
580	T1_002_适用中华人民共和国民法典合同.md	第五十九条	当事人一方依据民法典第五百八十条第二款的规定请求终止合同权利义务关系的，人民法院一般应当以起诉状副本送达对方的时间作为合同权利义务关系终止的
582	T2_002_审理买卖合同纠纷案件适用法律.md	第十七条	标的物质量不符合约定，买受人依照民法典第五百八十二条的规定要求减少价款的，人民法院应予支持。当事人主张以符合约定的标的物和实际交付的标的物按
584	T1_002_适用中华人民共和国民法典合同.md	第六十条	人民法院依据民法典第五百八十四条的规定确定合同履行后可以获得的利益时，可以在扣除非违约方为订立、履行合同支出的费用等合理成本后，按照非违约方
584	T1_002_适用中华人民共和国民法典合同.md	第六十三条	在认定民法典第五百八十四条规定的“违约一方订立合同时预见到或者应当预见到的因违约可能造成的损失”时，人民法院应当根据当事人订立合同的目的，综
584	T1_002_适用中华人民共和国民法典合同.md	第六十五条	当事人主张约定的违约金过分高于违约造成的损失，请求予以适当减少的，人民法院应当以民法典第五百八十四条规定的损失为基础，兼顾合同主体、交易类型
584	T2_002_审理买卖合同纠纷案件适用法律.md	第二十二条	买卖合同当事人一方违约造成对方损失，对方主张赔偿可得利益损失的，人民法院在确定违约责任范围时，应当根据当事人的主张，依据民法典第五百八十四条
585	T2_002_审理买卖合同纠纷案件适用法律.md	第二十条	买卖合同因违约而解除后，守约方主张继续适用违约金条款的，人民法院应予支持；但约定的违约金过分高于造成的损失的，人民法院可以参照民法典第五百八
587	T1_002_适用中华人民共和国民法典合同.md	第六十七条	当事人交付留置金、担保金、保证金、订约金、押金或者订金等，但是没有约定定金性质，一方主张适用民法典第五百八十七条规定的定金罚则的，人民法院不
599	T2_002_审理买卖合同纠纷案件适用法律.md	第四条	民法典第五百九十九条规定的“提取标的物单证以外的有关单证和资料”，主要应当包括保险单、保修单、普通发票、增值税专用发票、产品合格证、质量保证
603	T2_002_审理买卖合同纠纷案件适用法律.md	第八条	民法典第六百零三条第二款第一项规定的“标的物需要运输的”，是指标的物由出卖人负责办理托运，承运人系独立于买卖合同当事人之外的运输业者的情形。
607	T2_002_审理买卖合同纠纷案件适用法律.md	第八条	民法典第六百零三条第二款第一项规定的“标的物需要运输的”，是指标的物由出卖人负责办理托运，承运人系独立于买卖合同当事人之外的运输业者的情形。
621	T2_002_审理买卖合同纠纷案件适用法律.md	第十二条	人民法院具体认定民法典第六百二十一条第二款规定的“合理期限”时，应当综合当事人之间的交易性质、交易目的、交易方式、交易习惯、标的物的种类、数
621	T2_002_审理买卖合同纠纷案件适用法律.md	第十四条	民法典第六百二十一条规定的检验期限、合理期限、二年期限经过后，买受人主张标的物的数量或者质量不符合约定的，人民法院不予支持。 出卖人自愿承担
629	T2_002_审理买卖合同纠纷案件适用法律.md	第三条	根据民法典第六百二十九条的规定，买受人拒绝接收多交部分标的物的，可以代为保管多交部分标的物。买受人主张出卖人负担代为保管期间的合理费用的，人
634	T2_002_审理买卖合同纠纷案件适用法律.md	第二十七条	民法典第六百三十四条第一款规定的“分期付款”，系指买受人将应付的总价款在一定期限内至少分三次向出卖人支付。 分期付款买卖合同的约定违反民法典
641	T2_002_审理买卖合同纠纷案件适用法律.md	第二十五条	买卖合同当事人主张民法典第六百四十一条关于标的物所有权保留的规定适用于不动产的，人民法院不予支持。
641	T2_008_适用中华人民共和国企业破产法.md	第三十七条	买受人破产，其管理人决定继续履行所有权保留买卖合同的，原买卖合同中约定的买受人支付价款或者履行其他义务的期限在破产申请受理时视为到期，买受人
642	T1_008_适用中华人民共和国民法典有关.md	第六十四条	在所有权保留买卖中，出卖人依法有权取回标的物，但是与买受人协商不成，当事人请求参照民事诉讼法“实现担保物权案件”的有关规定，拍卖、变卖标的物
642	T2_002_审理买卖合同纠纷案件适用法律.md	第二十六条	买受人已经支付标的物总价款的百分之七十五以上，出卖人主张取回标的物的，人民法院不予支持。 在民法典第六百四十二条第一款第三项情形下，第三人依
646	T2_002_审理买卖合同纠纷案件适用法律.md	第三十二条	法律或者行政法规对债权转让、股权转让等权利转让合同有规定的，依照其规定；没有规定的，人民法院可以根据民法典第四百六十七条和第六百四十六条的规
658	T1_003_适用中华人民共和国民法典婚姻.md	第三十二条	婚前或者婚姻关系存续期间，当事人约定将一方所有的房产赠与另一方或者共有，赠与方在赠与房产变更登记之前撤销赠与，另一方请求判令继续履行的，人民
687	T1_008_适用中华人民共和国民法典有关.md	第二十六条	一般保证中，债权人以债务人为被告提起诉讼的，人民法院应予受理。债权人未就主合同纠纷提起诉讼或者申请仲裁，仅起诉一般保证人的，人民法院应当驳回
687	T1_008_适用中华人民共和国民法典有关.md	第二十八条	一般保证中，债权人依据生效法律文书对债务人的财产依法申请强制执行，保证债务诉讼时效的起算时间按照下列规则确定： （一）人民法院作出终结本次执
695	T1_008_适用中华人民共和国民法典有关.md	第二十条	人民法院在审理第三人提供的物的担保纠纷案件时，可以适用民法典第六百九十五条第一款、第六百九十六条第一款、第六百九十七条第二款、第六百九十九条
711	T2_009_审理城镇房屋租赁合同纠纷案件.md	第六条	承租人擅自变动房屋建筑主体和承重结构或者扩建，在出租人要求的合理期限内仍不予恢复原状，出租人请求解除合同并要求赔偿损失的，人民法院依照民法典
730	T4_014_审理涉及农村土地承包纠纷案件.md	第十六条	当事人对出租地流转期限没有约定或者约定不明的，参照民法典第七百三十条规定处理。除当事人另有约定或者属于林地承包经营外，承包地交回的时间应当在
734	T1_001_适用中华人民共和国民法典时间.md	第二十一条	民法典施行前租赁期限届满，当事人主张适用民法典第七百三十四条第二款规定的，人民法院不予支持；租赁期限在民法典施行后届满，当事人主张适用民法典
735	T2_012_审理融资租赁合同纠纷案件适用.md	第一条	人民法院应当根据民法典第七百三十五条的规定，结合标的物的性质、价值、租金的构成以及当事人的合同权利和义务，对是否构成融资租赁法律关系作出认定
744	T2_012_审理融资租赁合同纠纷案件适用.md	第八条	租赁物不符合融资租赁合同的约定且出租人实施了下列行为之一，承租人依照民法典第七百四十四条、第七百四十七条的规定，要求出租人承担相应责任的，人
752	T2_012_审理融资租赁合同纠纷案件适用.md	第十条	出租人既请求承租人支付合同约定的全部未付租金又请求解除融资租赁合同的，人民法院应告知其依照民法典第七百五十二条的规定作出选择。 出租人请求承
768	T1_008_适用中华人民共和国民法典有关.md	第六十六条	同一应收账款同时存在保理、应收账款质押和债权转让，当事人主张参照民法典第七百六十八条的规定确定优先顺序的，人民法院应予支持。 在有追索权的保
791	T2_903_审理建设工程施工合同纠纷案件.md	第六条	承包人违反民法典第七百九十一条、建筑法第二十八条、第二十九条等有关禁止转包或者违法分包的规定，将其承包的工程转包或者违法分包，接受转包或者违
793	T2_903_审理建设工程施工合同纠纷案件.md	第十一条	民法典第七百九十三条第一款中的"参照合同关于工程价款的约定"，包括参照建设工程施工合同约定的工程价款金额、计价方式、支付时间、调整方法和结算
807	T2_006_审理建设工程施工合同纠纷案件.md	第三十五条	与发包人订立建设工程施工合同的承包人，依据民法典第八百零七条的规定请求其承建工程的价款就工程折价或者拍卖的价款优先受偿的，人民法院应予支持。
807	T2_006_审理建设工程施工合同纠纷案件.md	第三十六条	承包人根据民法典第八百零七条规定享有的建设工程价款优先受偿权优于抵押权和其他债权。
807	T3_002_审理执行异议之诉案件适用法律.md	第十七条	人民法院对登记在被执行的发包人名下的不动产实施强制执行，案外人以其与被执行人约定以不动产折抵工程债务为由，提起执行异议之诉，请求排除抵押权和
807	T2_903_审理建设工程施工合同纠纷案件.md	第十八条	承包人依据其与发包人订立的折价协议主张已经行使民法典第八百零七条规定的建设工程价款优先受偿权，同时符合下列条件的，人民法院应予支持： （一）
847	T2_001_审理技术合同纠纷案件适用法律.md	第二条	民法典第八百四十七条第二款所称“执行法人或者非法人组织的工作任务”，包括： （一）履行法人或者非法人组织的岗位职责或者承担其交付的其他技术开
847	T2_001_审理技术合同纠纷案件适用法律.md	第三条	民法典第八百四十七条第二款所称“物质技术条件”，包括资金、设备、器材、原材料、未公开的技术信息和资料等。
847	T2_001_审理技术合同纠纷案件适用法律.md	第四条	民法典第八百四十七条第二款所称“主要是利用法人或者非法人组织的物质技术条件”，包括职工在技术成果的研究开发过程中，全部或者大部分利用了法人或
847	T2_001_审理技术合同纠纷案件适用法律.md	第六条	民法典第八百四十七条所称“职务技术成果的完成人”、第八百四十八条所称“完成技术成果的个人”，包括对技术成果单独或者共同作出创造性贡献的人，也
850	T2_001_审理技术合同纠纷案件适用法律.md	第十条	下列情形，属于民法典第八百五十条所称的“非法垄断技术”： （一）限制当事人一方在合同标的技术基础上进行新的研究开发或者限制其使用所改进的技术
850	T2_001_审理技术合同纠纷案件适用法律.md	第十二条	根据民法典第八百五十条的规定，侵害他人技术秘密的技术合同被确认无效后，除法律、行政法规另有规定的以外，善意取得该技术秘密的一方当事人可以在其
851	T2_001_审理技术合同纠纷案件适用法律.md	第十七条	民法典第八百五十一条第一款所称“新技术、新产品、新工艺、新品种或者新材料及其系统”，包括当事人在订立技术合同时尚未掌握的产品、工艺、材料及其
851	T2_001_审理技术合同纠纷案件适用法律.md	第十八条	民法典第八百五十一条第四款规定的“当事人之间就具有实用价值的科技成果实施转化订立的”技术转化合同，是指当事人之间就具有实用价值但尚未实现工业
855	T2_001_审理技术合同纠纷案件适用法律.md	第十九条	民法典第八百五十五条所称“分工参与研究开发工作”，包括当事人按照约定的计划和分工，共同或者分别承担设计、工艺、试验、试制等工作。 技术开发合
861	T2_001_审理技术合同纠纷案件适用法律.md	第二十条	民法典第八百六十一条所称“当事人均有使用和转让的权利”，包括当事人均有不经对方同意而自己使用或者以普通使用许可的方式许可他人使用技术秘密，并
862	T2_001_审理技术合同纠纷案件适用法律.md	第二十二条	就尚待研究开发的技术成果或者不涉及专利、专利申请或者技术秘密的知识、技术、经验和信息所订立的合同，不属于民法典第八百六十二条规定的技术转让合
864	T2_001_审理技术合同纠纷案件适用法律.md	第二十八条	民法典第八百六十四条所称“实施专利或者使用技术秘密的范围”，包括实施专利或者使用技术秘密的期限、地域、方式以及接触技术秘密的人员等。 当事人
878	T2_001_审理技术合同纠纷案件适用法律.md	第三十条	民法典第八百七十八条第一款所称“特定技术项目”，包括有关科学技术与经济社会协调发展的软科学研究项目，促进科技进步和管理现代化、提高经济效益和
878	T2_001_审理技术合同纠纷案件适用法律.md	第三十三条	民法典第八百七十八条第二款所称“特定技术问题”，包括需要运用专业技术知识、经验和信息解决的有关改进产品结构、改良工艺流程、提高产品质量、降低
887	T2_001_审理技术合同纠纷案件适用法律.md	第三十六条	民法典第八百八十七条规定的“技术培训合同”，是指当事人一方委托另一方对指定的学员进行特定项目的专业技术训练和技术指导所订立的合同，不包括职业
887	T2_001_审理技术合同纠纷案件适用法律.md	第三十八条	民法典第八百八十七条规定的“技术中介合同”，是指当事人一方以知识、技术、经验和信息为另一方与第三人订立技术合同进行联系、介绍以及对履行合同提
929	T1_005_适用中华人民共和国民法典侵权.md	第十条	无民事行为能力人、限制民事行为能力人造成他人损害，被侵权人合并请求监护人和受托履行监护职责的人承担侵权责任的，依照民法典第一千一百八十九条的
994	T2_004_审理使用人脸识别技术处理个人.md	第十五条	自然人死亡后，信息处理者违反法律、行政法规的规定或者双方的约定处理人脸信息，死者的近亲属依据民法典第九百九十四条请求信息处理者承担民事责任的
997	T1_006_适用中华人民共和国民法典婚姻.md	第十二条	父母一方或者其近亲属等抢夺、藏匿未成年子女，另一方向人民法院申请人身安全保护令或者参照适用民法典第九百九十七条规定申请人格权侵害禁令的，人民
998	T2_004_审理使用人脸识别技术处理个人.md	第三条	人民法院认定信息处理者承担侵害自然人人格权益的民事责任，应当适用民法典第九百九十八条的规定，并结合案件具体情况综合考量受害人是否为未成年人、
1034	T2_004_审理使用人脸识别技术处理个人.md	第一条	因信息处理者违反法律、行政法规的规定或者双方的约定使用人脸识别技术处理人脸信息、处理基于人脸识别技术生成的人脸信息所引起的民事案件，适用本规
1035	T2_004_审理使用人脸识别技术处理个人.md	第六条	当事人请求信息处理者承担民事责任的，人民法院应当依据民事诉讼法第六十四条及《最高人民法院关于适用〈中华人民共和国民事诉讼法〉的解释》第九十条
1042	T1_003_适用中华人民共和国民法典婚姻.md	第一条	持续性、经常性的家庭暴力，可以认定为民法典第一千零四十二条、第一千零七十九条、第一千零九十一条所称的“虐待”。
1042	T1_003_适用中华人民共和国民法典婚姻.md	第二条	民法典第一千零四十二条、第一千零七十九条、第一千零九十一条规定的“与他人同居”的情形，是指有配偶者与婚外异性，不以夫妻名义，持续、稳定地共同
1043	T1_003_适用中华人民共和国民法典婚姻.md	第四条	当事人仅以民法典第一千零四十三条为依据提起诉讼的，人民法院不予受理；已经受理的，裁定驳回起诉。
1049	T1_003_适用中华人民共和国民法典婚姻.md	第六条	男女双方依据民法典第一千零四十九条规定补办结婚登记的，婚姻关系的效力从双方均符合民法典所规定的结婚的实质要件时起算。
1049	T1_003_适用中华人民共和国民法典婚姻.md	第七条	未依据民法典第一千零四十九条规定办理结婚登记而以夫妻名义共同生活的男女，提起诉讼要求离婚的，应当区别对待： （一）1994年2月1日民政部《
1049	T1_003_适用中华人民共和国民法典婚姻.md	第八条	未依据民法典第一千零四十九条规定办理结婚登记而以夫妻名义共同生活的男女，一方死亡，另一方以配偶身份主张享有继承权的，依据本解释第七条的原则处
1051	T1_003_适用中华人民共和国民法典婚姻.md	第九条	有权依据民法典第一千零五十一条规定向人民法院就已办理结婚登记的婚姻请求确认婚姻无效的主体，包括婚姻当事人及利害关系人。其中，利害关系人包括：
1051	T1_003_适用中华人民共和国民法典婚姻.md	第十条	当事人依据民法典第一千零五十一条规定向人民法院请求确认婚姻无效，法定的无效婚姻情形在提起诉讼时已经消失的，人民法院不予支持。
1051	T1_003_适用中华人民共和国民法典婚姻.md	第十四条	夫妻一方或者双方死亡后，生存一方或者利害关系人依据民法典第一千零五十一条的规定请求确认婚姻无效的，人民法院应当受理。
1051	T1_003_适用中华人民共和国民法典婚姻.md	第十五条	利害关系人依据民法典第一千零五十一条的规定，请求人民法院确认婚姻无效的，利害关系人为原告，婚姻关系当事人双方为被告。 夫妻一方死亡的，生存一
1051	T1_003_适用中华人民共和国民法典婚姻.md	第十七条	当事人以民法典第一千零五十一条规定的三种无效婚姻以外的情形请求确认婚姻无效的，人民法院应当判决驳回当事人的诉讼请求。 当事人以结婚登记程序存
1051	T1_006_适用中华人民共和国民法典婚姻.md	第一条	当事人依据民法典第一千零五十一条第一项规定请求确认重婚的婚姻无效，提起诉讼时合法婚姻当事人已经离婚或者配偶已经死亡，被告以此为由抗辩后一婚姻
1052	T1_001_适用中华人民共和国民法典时间.md	第二十六条	当事人以民法典施行前受胁迫结婚为由请求人民法院撤销婚姻的，撤销权的行使期限适用民法典第一千零五十二条第二款的规定。
1052	T1_003_适用中华人民共和国民法典婚姻.md	第十八条	行为人以给另一方当事人或者其近亲属的生命、身体、健康、名誉、财产等方面造成损害为要挟，迫使另一方当事人违背真实意愿结婚的，可以认定为民法典第
1052	T1_003_适用中华人民共和国民法典婚姻.md	第十九条	民法典第一千零五十二条规定的“一年”，不适用诉讼时效中止、中断或者延长的规定。 受胁迫或者被非法限制人身自由的当事人请求撤销婚姻的，不适用民
1054	T1_003_适用中华人民共和国民法典婚姻.md	第二十条	民法典第一千零五十四条所规定的“自始没有法律约束力”，是指无效婚姻或者可撤销婚姻在依法被确认无效或者被撤销时，才确定该婚姻自始不受法律保护。
1062	T1_003_适用中华人民共和国民法典婚姻.md	第二十四条	民法典第一千零六十二条第一款第三项规定的“知识产权的收益”，是指婚姻关系存续期间，实际取得或者已经明确可以取得的财产性收益。
1062	T1_003_适用中华人民共和国民法典婚姻.md	第二十五条	婚姻关系存续期间，下列财产属于民法典第一千零六十二条规定的“其他应当归共同所有的财产”： （一）一方以个人财产投资取得的收益； （二）男女双
1062	T1_003_适用中华人民共和国民法典婚姻.md	第二十九条	当事人结婚前，父母为双方购置房屋出资的，该出资应当认定为对自己子女个人的赠与，但父母明确表示赠与双方的除外。 当事人结婚后，父母为双方购置房
1063	T1_003_适用中华人民共和国民法典婚姻.md	第三十一条	民法典第一千零六十三条规定为夫妻一方的个人财产，不因婚姻关系的延续而转化为夫妻共同财产。但当事人另有约定的除外。
1065	T1_003_适用中华人民共和国民法典婚姻.md	第三十七条	民法典第一千零六十五条第三款所称“相对人知道该约定的”，夫妻一方对此负有举证责任。
1066	T1_003_适用中华人民共和国民法典婚姻.md	第三十八条	婚姻关系存续期间，除民法典第一千零六十六条规定情形以外，夫妻一方请求分割共同财产的，人民法院不予支持。 四、父母子女关系
1066	T1_006_适用中华人民共和国民法典婚姻.md	第六条	夫妻一方未经另一方同意，在网络直播平台用夫妻共同财产打赏，数额明显超出其家庭一般消费水平，严重损害夫妻共同财产利益的，可以认定为民法典第一千
1066	T1_006_适用中华人民共和国民法典婚姻.md	第七条	夫妻一方为重婚、与他人同居以及其他违反夫妻忠实义务等目的，将夫妻共同财产赠与他人或者以明显不合理的价格处分夫妻共同财产，另一方主张该民事法律
1067	T1_003_适用中华人民共和国民法典婚姻.md	第四十一条	尚在校接受高中及其以下学历教育，或者丧失、部分丧失劳动能力等非因主观原因而无法维持正常生活的成年子女，可以认定为民法典第一千零六十七条规定的
1067	T1_003_适用中华人民共和国民法典婚姻.md	第四十二条	民法典第一千零六十七条所称“抚养费”，包括子女生活费、教育费、医疗费等费用。
1068	T1_005_适用中华人民共和国民法典侵权.md	第八条	夫妻离婚后，未成年子女造成他人损害，被侵权人请求离异夫妻共同承担侵权责任的，人民法院依照民法典第一千零六十八条、第一千零八十四条以及第一千一
1072	T1_005_适用中华人民共和国民法典侵权.md	第九条	未成年子女造成他人损害的，依照民法典第一千零七十二条第二款的规定，未与该子女形成抚养教育关系的继父或者继母不承担监护人的侵权责任，由该子女的
1072	T1_006_适用中华人民共和国民法典婚姻.md	第十八条	对民法典第一千零七十二条中继子女受继父或者继母抚养教育的事实，人民法院应当以共同生活时间长短为基础，综合考虑共同生活期间继父母是否实际进行生
1076	T1_003_适用中华人民共和国民法典婚姻.md	第六十九条	当事人达成的以协议离婚或者到人民法院调解离婚为条件的财产以及债务处理协议，如果双方离婚未成，一方在离婚诉讼中反悔的，人民法院应当认定该财产以
1079	T1_001_适用中华人民共和国民法典时间.md	第二十二条	民法典施行前，经人民法院判决不准离婚后，双方又分居满一年，一方再次提起离婚诉讼的，适用民法典第一千零七十九条第五款的规定。
1079	T1_003_适用中华人民共和国民法典婚姻.md	第二十三条	夫以妻擅自中止妊娠侵犯其生育权为由请求损害赔偿的，人民法院不予支持；夫妻双方因是否生育发生纠纷，致使感情确已破裂，一方请求离婚的，人民法院经
1079	T1_003_适用中华人民共和国民法典婚姻.md	第六十三条	人民法院审理离婚案件，符合民法典第一千零七十九条第三款规定“应当准予离婚”情形的，不应当因当事人有过错而判决不准离婚。
1079	T1_003_适用中华人民共和国民法典婚姻.md	第六十四条	民法典第一千零八十一条所称的“军人一方有重大过错”，可以依据民法典第一千零七十九条第三款前三项规定及军人有其他重大过错导致夫妻感情破裂的情形
1081	T1_003_适用中华人民共和国民法典婚姻.md	第六十四条	民法典第一千零八十一条所称的“军人一方有重大过错”，可以依据民法典第一千零七十九条第三款前三项规定及军人有其他重大过错导致夫妻感情破裂的情形
1084	T1_003_适用中华人民共和国民法典婚姻.md	第四十四条	离婚案件涉及未成年子女抚养的，对不满两周岁的子女，按照民法典第一千零八十四条第三款规定的原则处理。母亲有下列情形之一，父亲请求直接抚养的，人
1084	T1_006_适用中华人民共和国民法典婚姻.md	第十三条	夫妻分居期间，一方或者其近亲属等抢夺、藏匿未成年子女，致使另一方无法履行监护职责，另一方请求行为人承担民事责任的，人民法院可以参照适用民法典
1084	T1_006_适用中华人民共和国民法典婚姻.md	第十六条	离婚协议中关于一方直接抚养未成年子女或者不能独立生活的成年子女、另一方不负担抚养费的约定，对双方具有法律约束力。但是，离婚后，直接抚养子女一
1087	T1_003_适用中华人民共和国民法典婚姻.md	第六十九条	当事人达成的以协议离婚或者到人民法院调解离婚为条件的财产以及债务处理协议，如果双方离婚未成，一方在离婚诉讼中反悔的，人民法院应当认定该财产以
1087	T1_003_适用中华人民共和国民法典婚姻.md	第七十八条	夫妻一方婚前签订不动产买卖合同，以个人财产支付首付款并在银行贷款，婚后用夫妻共同财产还贷，不动产登记于首付款支付方名下的，离婚时该不动产由双
1087	T1_006_适用中华人民共和国民法典婚姻.md	第十条	夫妻以共同财产投资有限责任公司，并均登记为股东，双方对相应股权的归属没有约定或者约定不明确，离婚时，一方请求按照股东名册或者公司章程记载的各
1087	T1_006_适用中华人民共和国民法典婚姻.md	第二十条	离婚协议约定将部分或者全部夫妻共同财产给予子女，离婚后，一方在财产权利转移之前请求撤销该约定的，人民法院不予支持，但另一方同意的除外。 一方
1088	T1_006_适用中华人民共和国民法典婚姻.md	第二十一条	离婚诉讼中，夫妻一方有证据证明在婚姻关系存续期间因抚育子女、照料老年人、协助另一方工作等负担较多义务，依据民法典第一千零八十八条规定请求另一
1090	T1_006_适用中华人民共和国民法典婚姻.md	第二十二条	离婚诉讼中，一方存在年老、残疾、重病等生活困难情形，依据民法典第一千零九十条规定请求有负担能力的另一方给予适当帮助的，人民法院可以根据当事人
1091	T1_003_适用中华人民共和国民法典婚姻.md	第八十六条	民法典第一千零九十一条规定的“损害赔偿”，包括物质损害赔偿和精神损害赔偿。涉及精神损害赔偿的，适用《最高人民法院关于确定民事侵权精神损害赔偿
1091	T1_003_适用中华人民共和国民法典婚姻.md	第八十七条	承担民法典第一千零九十一条规定的损害赔偿责任的主体，为离婚诉讼当事人中无过错方的配偶。 人民法院判决不准离婚的案件，对于当事人基于民法典第一
1091	T1_003_适用中华人民共和国民法典婚姻.md	第八十八条	人民法院受理离婚案件时，应当将民法典第一千零九十一条等规定中当事人的有关权利义务，书面告知当事人。在适用民法典第一千零九十一条时，应当区分以
1091	T1_003_适用中华人民共和国民法典婚姻.md	第八十九条	当事人在婚姻登记机关办理离婚登记手续后，以民法典第一千零九十一条规定为由向人民法院提出损害赔偿请求的，人民法院应当受理。但当事人在协议离婚时
1091	T1_003_适用中华人民共和国民法典婚姻.md	第九十条	夫妻双方均有民法典第一千零九十一条规定的过错情形，一方或者双方向对方提出离婚损害赔偿请求的，人民法院不予支持。
1092	T1_003_适用中华人民共和国民法典婚姻.md	第八十四条	当事人依据民法典第一千零九十二条的规定向人民法院提起诉讼，请求再次分割夫妻共同财产的诉讼时效期间为三年，从当事人发现之日起计算。
1092	T1_006_适用中华人民共和国民法典婚姻.md	第七条	夫妻一方为重婚、与他人同居以及其他违反夫妻忠实义务等目的，将夫妻共同财产赠与他人或者以明显不合理的价格处分夫妻共同财产，另一方主张该民事法律
1125	T1_001_适用中华人民共和国民法典时间.md	第十三条	民法典施行前，继承人有民法典第一千一百二十五条第一款第四项和第五项规定行为之一，对该继承人是否丧失继承权发生争议的，适用民法典第一千一百二十
1125	T1_001_适用中华人民共和国民法典时间.md	第十三条	民法典施行前，继承人有民法典第一千一百二十五条第一款第四项和第五项规定行为之一，对该继承人是否丧失继承权发生争议的，适用民法典第一千一百二十
1125	T1_009_适用中华人民共和国民法典继承.md	第五条	在遗产继承中，继承人之间因是否丧失继承权发生纠纷，向人民法院提起诉讼的，由人民法院依据民法典第一千一百二十五条的规定，判决确认其是否丧失继承
1125	T1_009_适用中华人民共和国民法典继承.md	第六条	继承人是否符合民法典第一千一百二十五条第一款第三项规定的“虐待被继承人情节严重”，可以从实施虐待行为的时间、手段、后果和社会影响等方面认定。
1125	T1_009_适用中华人民共和国民法典继承.md	第八条	继承人有民法典第一千一百二十五条第一款第一项或者第二项所列之行为，而被继承人以遗嘱将遗产指定由该继承人继承的，可以确认遗嘱无效，并确认该继承
1125	T1_009_适用中华人民共和国民法典继承.md	第九条	继承人伪造、篡改、隐匿或者销毁遗嘱，侵害了缺乏劳动能力又无生活来源的继承人的利益，并造成其生活困难的，应当认定为民法典第一千一百二十五条第一
1127	T1_009_适用中华人民共和国民法典继承.md	第十条	被收养人对养父母尽了赡养义务，同时又对生父母扶养较多的，除可以依照民法典第一千一百二十七条的规定继承养父母的遗产外，还可以依照民法典第一千一
1128	T1_001_适用中华人民共和国民法典时间.md	第十四条	被继承人在民法典施行前死亡，遗产无人继承又无人受遗赠，其兄弟姐妹的子女请求代位继承的，适用民法典第一千一百二十八条第二款和第三款的规定，但是
1128	T1_004_适用中华人民共和国民法典总则.md	第十四条	人民法院审理宣告失踪案件时，下列人员应当认定为民法典第四十条规定的利害关系人： （一）被申请人的近亲属； （二）依据民法典第一千一百二十八条
1128	T1_004_适用中华人民共和国民法典总则.md	第十六条	人民法院审理宣告死亡案件时，被申请人的配偶、父母、子女，以及依据民法典第一千一百二十九条规定对被申请人有继承权的亲属应当认定为民法典第四十六
1129	T1_004_适用中华人民共和国民法典总则.md	第十六条	人民法院审理宣告死亡案件时，被申请人的配偶、父母、子女，以及依据民法典第一千一百二十九条规定对被申请人有继承权的亲属应当认定为民法典第四十六
1129	T1_009_适用中华人民共和国民法典继承.md	第十八条	丧偶儿媳对公婆、丧偶女婿对岳父母，无论其是否再婚，依照民法典第一千一百二十九条规定作为第一顺序继承人时，不影响其子女代位继承。
1130	T1_009_适用中华人民共和国民法典继承.md	第四条	遗嘱继承人依遗嘱取得遗产后，仍有权依照民法典第一千一百三十条的规定取得遗嘱未处分的遗产。
1131	T1_009_适用中华人民共和国民法典继承.md	第十条	被收养人对养父母尽了赡养义务，同时又对生父母扶养较多的，除可以依照民法典第一千一百二十七条的规定继承养父母的遗产外，还可以依照民法典第一千一
1131	T1_009_适用中华人民共和国民法典继承.md	第二十条	依照民法典第一千一百三十一条规定可以分给适当遗产的人，分给他们遗产时，按具体情况可以多于或者少于继承人。
1131	T1_009_适用中华人民共和国民法典继承.md	第二十一条	依照民法典第一千一百三十一条规定可以分给适当遗产的人，在其依法取得被继承人遗产的权利受到侵犯时，本人有权以独立的诉讼主体资格向人民法院提起诉
1131	T1_009_适用中华人民共和国民法典继承.md	第四十一条	遗产因无人继承又无人受遗赠归国家或者集体所有制组织所有时，按照民法典第一千一百三十一条规定可以分给适当遗产的人提出取得遗产的诉讼请求，人民法
1136	T1_001_适用中华人民共和国民法典时间.md	第十五条	民法典施行前，遗嘱人以打印方式立的遗嘱，当事人对该遗嘱效力发生争议的，适用民法典第一千一百三十六条的规定，但是遗产已经在民法典施行前处理完毕
1142	T1_001_适用中华人民共和国民法典时间.md	第二十三条	被继承人在民法典施行前立有公证遗嘱，民法典施行后又立有新遗嘱，其死亡后，因该数份遗嘱内容相抵触发生争议的，适用民法典第一千一百四十二条第三款
1165	T1_005_适用中华人民共和国民法典侵权.md	第十八条	承揽人在完成工作过程中造成第三人损害的，人民法院依照民法典第一千一百六十五条的规定认定承揽人的民事责任。 被侵权人合并请求定作人和承揽人承担
1168	T2_003_审理医疗损害责任纠纷案件适用.md	第十九条	两个以上医疗机构的诊疗行为造成患者同一损害，患者请求医疗机构承担赔偿责任的，应当区分不同情况，依照民法典第一千一百六十八条、第一千一百七十一
1168	T2_004_审理使用人脸识别技术处理个人.md	第七条	多个信息处理者处理人脸信息侵害自然人人格权益，该自然人主张多个信息处理者按照过错程度和造成损害结果的大小承担侵权责任的，人民法院依法予以支持
1168	T2_018_审理旅游纠纷案件适用法律若干.md	第十四条	旅游经营者准许他人挂靠其名下从事旅游业务，造成旅游者人身损害、财产损失，旅游者依据民法典第一千一百六十八条的规定请求旅游经营者与挂靠人承担连
1168	T2_021_审理网络消费纠纷案件适用法律.md	第十七条	直播间运营者知道或者应当知道经营者提供的商品不符合保障人身、财产安全的要求，或者有其他侵害消费者合法权益行为，仍为其推广，给消费者造成损害，
1168	T4_003_审理生态环境侵权责任纠纷案件.md	第十四条	存在下列情形之一的，排污单位与第三方治理机构应当根据民法典第一千一百六十八条的规定承担连带责任： （一）第三方治理机构按照排污单位的指示，违
1168	T4_004_审理垄断民事纠纷案件适用法律.md	第二十六条	经营者、经营者团体等组织其他经营者达成、实施垄断协议，给原告造成损失，原告依据民法典第一千一百六十八条的规定主张实施组织行为的经营者、经营者
1168	T4_913_审理生态环境侵权责任纠纷案件.md	第十三条	存在下列情形之一的，排污单位与第三方治理机构应当根据民法典第一千一百六十八条的规定承担连带责任： （一）第三方治理机构按照排污单位的指示，违
1169	T1_005_适用中华人民共和国民法典侵权.md	第十二条	教唆、帮助无民事行为能力人、限制民事行为能力人实施侵权行为，被侵权人合并请求教唆人、帮助人以及监护人承担侵权责任的，依照民法典第一千一百六十
1169	T4_003_审理生态环境侵权责任纠纷案件.md	第十条	为侵权人污染环境、破坏生态提供场地或者储存、运输等帮助，被侵权人根据民法典第一千一百六十九条的规定请求行为人与侵权人承担连带责任的，人民法院
1169	T4_004_审理垄断民事纠纷案件适用法律.md	第二十六条	经营者、经营者团体等组织其他经营者达成、实施垄断协议，给原告造成损失，原告依据民法典第一千一百六十八条的规定主张实施组织行为的经营者、经营者
1169	T4_005_审理侵犯专利权纠纷案件应用法.md	第二十一条	明知有关产品系专门用于实施专利的材料、设备、零部件、中间物等，未经专利权人许可，为生产经营目的将该产品提供给他人实施了侵犯专利权的行为，权利
1169	T4_010_审理侵害植物新品种权纠纷案件.md	第八条	被诉侵权人知道或者应当知道他人实施侵害品种权的行为，仍然提供收购、存储、运输、以繁殖为目的的加工处理等服务或者提供相关证明材料等条件的，人民
1169	T4_018_适用中华人民共和国反不正当竞.md	第十五条	故意为他人实施混淆行为提供仓储、运输、邮寄、印制、隐匿、经营场所等便利条件，当事人请求依据民法典第一千一百六十九条第一款予以认定的，人民法院
1169	T4_913_审理生态环境侵权责任纠纷案件.md	第十条	为侵权人污染环境、破坏生态提供场地或者储存、运输等帮助，被侵权人根据民法典第一千一百六十九条的规定请求行为人与侵权人承担连带责任的，人民法院
1170	T2_007_审理道路交通事故损害赔偿案件.md	第十条	多辆机动车发生交通事故造成第三人损害，当事人请求多个侵权人承担赔偿责任的，人民法院应当区分不同情况，依照民法典第一千一百七十条、第一千一百七
1171	T4_003_审理生态环境侵权责任纠纷案件.md	第五条	两个以上侵权人分别污染环境、破坏生态造成同一损害，每一个侵权人的行为都足以造成全部损害，被侵权人根据民法典第一千一百七十一条的规定请求侵权人
1171	T4_913_审理生态环境侵权责任纠纷案件.md	第五条	两个以上侵权人分别污染环境、破坏生态造成同一损害，每一个侵权人的行为都足以造成全部损害，被侵权人根据民法典第一千一百七十一条的规定请求侵权人
1172	T4_003_审理生态环境侵权责任纠纷案件.md	第六条	两个以上侵权人分别污染环境、破坏生态，每一个侵权人的行为都不足以造成全部损害，被侵权人根据民法典第一千一百七十二条的规定请求侵权人承担责任的
1172	T4_913_审理生态环境侵权责任纠纷案件.md	第六条	两个以上侵权人分别污染环境、破坏生态，每一个侵权人的行为都不足以造成全部损害，被侵权人根据民法典第一千一百七十二条的规定请求侵权人承担责任的
1176	T1_001_适用中华人民共和国民法典时间.md	第十六条	民法典施行前，受害人自愿参加具有一定风险的文体活动受到损害引起的民事纠纷案件，适用民法典第一千一百七十六条的规定。
1177	T1_001_适用中华人民共和国民法典时间.md	第十七条	民法典施行前，受害人为保护自己合法权益采取扣留侵权人的财物等措施引起的民事纠纷案件，适用民法典第一千一百七十七条的规定。
1179	T2_007_审理道路交通事故损害赔偿案件.md	第十一条	道路交通安全法第七十六条规定的“人身伤亡”，是指机动车发生交通事故侵害被侵权人的生命权、身体权、健康权等人身权益所造成的损害，包括民法典第一
1179	T4_006_审理生态环境侵权纠纷案件适用.md	第九条	人民法院确定惩罚性赔偿金数额，应当以环境污染、生态破坏造成的人身损害赔偿金、财产损失数额作为计算基数。 前款所称人身损害赔偿金、财产损失数额
1179	T4_910_审理生态环境侵权纠纷案件适用.md	第八条	人民法院确定惩罚性赔偿金数额，应当以环境污染、生态破坏造成的人身损害赔偿金、财产损失数额作为计算基数。 前款所称人身损害赔偿金、财产损失数额
1182	T2_004_审理使用人脸识别技术处理个人.md	第八条	信息处理者处理人脸信息侵害自然人人格权益造成财产损失，该自然人依据民法典第一千一百八十二条主张财产损害赔偿的，人民法院依法予以支持。 自然人
1182	T2_005_审理利用信息网络侵害人身权益.md	第十一条	网络用户或者网络服务提供者侵害他人人身权益，造成财产损失或者严重精神损害，被侵权人依据民法典第一千一百八十二条和第一千一百八十三条的规定，请
1182	T2_005_审理利用信息网络侵害人身权益.md	第十二条	被侵权人为制止侵权行为所支付的合理开支，可以认定为民法典第一千一百八十二条规定的财产损失。合理开支包括被侵权人或者委托代理人对侵权行为进行调
1183	T1_005_适用中华人民共和国民法典侵权.md	第二条	非法使被监护人脱离监护，导致父母子女关系或者其他近亲属关系受到严重损害的，应当认定为民法典第一千一百八十三条第一款规定的严重精神损害。
1189	T1_005_适用中华人民共和国民法典侵权.md	第十条	无民事行为能力人、限制民事行为能力人造成他人损害，被侵权人合并请求监护人和受托履行监护职责的人承担侵权责任的，依照民法典第一千一百八十九条的
1191	T1_005_适用中华人民共和国民法典侵权.md	第十五条	与用人单位形成劳动关系的工作人员、执行用人单位工作任务的其他人员，因执行工作任务造成他人损害，被侵权人依照民法典第一千一百九十一条第一款的规
1191	T1_005_适用中华人民共和国民法典侵权.md	第十六条	劳务派遣期间，被派遣的工作人员因执行工作任务造成他人损害，被侵权人合并请求劳务派遣单位与接受劳务派遣的用工单位承担侵权责任的，依照民法典第一
1191	T1_005_适用中华人民共和国民法典侵权.md	第十七条	工作人员在执行工作任务中实施的违法行为造成他人损害，构成自然人犯罪的，工作人员承担刑事责任不影响用人单位依法承担民事责任。依照民法典第一千一
1195	T2_004_审理使用人脸识别技术处理个人.md	第七条	多个信息处理者处理人脸信息侵害自然人人格权益，该自然人主张多个信息处理者按照过错程度和造成损害结果的大小承担侵权责任的，人民法院依法予以支持
1195	T2_005_审理利用信息网络侵害人身权益.md	第二条	原告依据民法典第一千一百九十五条、第一千一百九十七条的规定起诉网络用户或者网络服务提供者的，人民法院应予受理。 原告仅起诉网络用户，网络用户
1195	T2_005_审理利用信息网络侵害人身权益.md	第四条	人民法院适用民法典第一千一百九十五条第二款的规定，认定网络服务提供者采取的删除、屏蔽、断开链接等必要措施是否及时，应当根据网络服务的类型和性
1195	T2_005_审理利用信息网络侵害人身权益.md	第五条	其发布的信息被采取删除、屏蔽、断开链接等措施的网络用户，主张网络服务提供者承担违约责任或者侵权责任，网络服务提供者以收到民法典第一千一百九十
1197	T2_005_审理利用信息网络侵害人身权益.md	第六条	人民法院依据民法典第一千一百九十七条认定网络服务提供者是否“知道或者应当知道”，应当综合考虑下列因素： （一）网络服务提供者是否以人工或者自
1198	T1_005_适用中华人民共和国民法典侵权.md	第二十四条	物业服务企业等建筑物管理人未采取必要的安全保障措施防止从建筑物中抛掷物品或者从建筑物上坠落的物品造成他人损害，具体侵权人、物业服务企业等建筑
1198	T1_005_适用中华人民共和国民法典侵权.md	第二十五条	物业服务企业等建筑物管理人未采取必要的安全保障措施防止从建筑物中抛掷物品或者从建筑物上坠落的物品造成他人损害，经公安等机关调查，在民事案件一
1201	T1_005_适用中华人民共和国民法典侵权.md	第十四条	无民事行为能力人或者限制民事行为能力人在幼儿园、学校或者其他教育机构学习、生活期间，受到教育机构以外的第三人人身损害，第三人、教育机构作为共
1202	T1_005_适用中华人民共和国民法典侵权.md	第十九条	因产品存在缺陷造成买受人财产损害，买受人请求产品的生产者或者销售者赔偿缺陷产品本身损害以及其他财产损害的，人民法院依照民法典第一千二百零二条
1209	T2_007_审理道路交通事故损害赔偿案件.md	第一条	机动车发生交通事故造成损害，机动车所有人或者管理人有下列情形之一，人民法院应当认定其对损害的发生有过错，并适用民法典第一千二百零九条的规定确
1213	T2_007_审理道路交通事故损害赔偿案件.md	第十三条	同时投保机动车第三者责任强制保险（以下简称交强险）和第三者责任商业保险（以下简称商业三者险）的机动车发生交通事故造成损害，当事人同时起诉侵权
1213	T2_014_审理道路交通事故损害赔偿案件.md	第二条	机动车乘车人开车门致他人损害，被侵权人一并起诉乘车人、驾驶人以及承保该机动车交通事故责任强制保险（以下简称交强险）、第三者责任商业保险（以下
1217	T1_001_适用中华人民共和国民法典时间.md	第十八条	民法典施行前，因非营运机动车发生交通事故造成无偿搭乘人损害引起的民事纠纷案件，适用民法典第一千二百一十七条的规定。
1218	T2_003_审理医疗损害责任纠纷案件适用.md	第四条	患者依据民法典第一千二百一十八条规定主张医疗机构承担赔偿责任的，应当提交到该医疗机构就诊、受到损害的证据。 患者无法提交医疗机构或者其医务人
1219	T2_003_审理医疗损害责任纠纷案件适用.md	第五条	患者依据民法典第一千二百一十九条规定主张医疗机构承担赔偿责任的，应当按照前条第一款规定提交证据。 实施手术、特殊检查、特殊治疗的，医疗机构应
1219	T2_003_审理医疗损害责任纠纷案件适用.md	第十七条	医务人员违反民法典第一千二百一十九条第一款规定义务，但未造成患者人身损害，患者请求医疗机构承担损害赔偿责任的，不予支持。
1220	T2_003_审理医疗损害责任纠纷案件适用.md	第五条	患者依据民法典第一千二百一十九条规定主张医疗机构承担赔偿责任的，应当按照前条第一款规定提交证据。 实施手术、特殊检查、特殊治疗的，医疗机构应
1220	T2_003_审理医疗损害责任纠纷案件适用.md	第十八条	因抢救生命垂危的患者等紧急情况且不能取得患者意见时，下列情形可以认定为民法典第一千二百二十条规定的不能取得患者近亲属意见： （一）近亲属不明
1222	T2_003_审理医疗损害责任纠纷案件适用.md	第六条	民法典第一千二百二十二条规定的病历资料包括医疗机构保管的门诊病历、住院志、体温单、医嘱单、检验报告、医学影像检查资料、特殊检查（治疗）同意书
1222	T2_003_审理医疗损害责任纠纷案件适用.md	第六条	民法典第一千二百二十二条规定的病历资料包括医疗机构保管的门诊病历、住院志、体温单、医嘱单、检验报告、医学影像检查资料、特殊检查（治疗）同意书
1223	T2_003_审理医疗损害责任纠纷案件适用.md	第七条	患者依据民法典第一千二百二十三条规定请求赔偿的，应当提交使用医疗产品或者输入血液、受到损害的证据。 患者无法提交使用医疗产品或者输入血液与损
1224	T2_003_审理医疗损害责任纠纷案件适用.md	第四条	患者依据民法典第一千二百一十八条规定主张医疗机构承担赔偿责任的，应当提交到该医疗机构就诊、受到损害的证据。 患者无法提交医疗机构或者其医务人
1232	T4_006_审理生态环境侵权纠纷案件适用.md	第二条	因环境污染、生态破坏受到损害的自然人、法人或者非法人组织，依据民法典第一千二百三十二条的规定，请求判令侵权人承担惩罚性赔偿责任的，适用本解释
1232	T4_910_审理生态环境侵权纠纷案件适用.md	第二条	因环境污染、生态破坏受到损害的自然人、法人或者非法人组织，依据民法典第一千二百三十二条的规定，请求判令侵权人承担惩罚性赔偿责任的，适用本解释
1234	T4_002_审理森林资源民事纠纷案件适用.md	第十七条	违反国家规定造成森林生态环境损害，生态环境能够修复的，国家规定的机关或者法律规定的组织依据民法典第一千二百三十四条的规定，请求侵权人在合理期
1234	T4_906_审理森林资源民事纠纷案件适用.md	第十七条	违反国家规定造成森林生态环境损害，生态环境能够修复的，国家规定的机关或者法律规定的组织依据民法典第一千二百三十四条的规定，请求侵权人在合理期
1234	T4_911_生态环境侵权案件适用禁止令保.md	第二条	因污染环境、破坏生态等行为受到损害重大风险的自然人、法人或者非法人组织，以及民法典第一千二百三十四条、第一千二百三十五条规定的“国家规定的机
1235	T3_004_生态环境侵权民事诉讼证据的若.md	第四条	原告请求被告就其污染环境、破坏生态行为支付人身、财产损害赔偿费用，或者支付民法典第一千二百三十五条规定的损失、费用的，应当就其主张的损失、费
1235	T4_002_审理森林资源民事纠纷案件适用.md	第十九条	人民法院依据民法典第一千二百三十五条的规定确定侵权人承担的森林生态环境损害赔偿金额，应当综合考虑受损森林资源在调节气候、固碳增汇、保护生物多
1235	T4_003_审理生态环境侵权责任纠纷案件.md	第二十二条	被侵权人请求侵权人赔偿因污染环境、破坏生态造成的人身、财产损害，以及为防止损害发生和扩大而采取必要措施所支出的合理费用的，人民法院应予支持。
1235	T4_906_审理森林资源民事纠纷案件适用.md	第十九条	人民法院依据民法典第一千二百三十五条的规定确定侵权人承担的森林生态环境损害赔偿金额，应当综合考虑受损森林资源在调节气候、固碳增汇、保护生物多
1235	T4_912_生态环境侵权民事诉讼证据的若.md	第四条	原告请求被告就其污染环境、破坏生态行为支付人身、财产损害赔偿费用，或者支付民法典第一千二百三十五条规定的损失、费用的，应当就其主张的损失、费
1235	T4_913_审理生态环境侵权责任纠纷案件.md	第二十一条	被侵权人请求侵权人赔偿因污染环境、破坏生态造成的人身、财产损害，以及为防止损害发生和扩大而采取必要措施所支出的合理费用的，人民法院应予支持。
1243	T2_007_审理道路交通事故损害赔偿案件.md	第七条	因道路管理维护缺陷导致机动车发生交通事故造成损害，当事人请求道路管理者承担相应赔偿责任的，人民法院应予支持。但道路管理者能够证明已经依照法律
1254	T1_001_适用中华人民共和国民法典时间.md	第十九条	民法典施行前，从建筑物中抛掷物品或者从建筑物上坠落的物品造成他人损害引起的民事纠纷案件，适用民法典第一千二百五十四条的规定。 三、衔接适用的
